ID,target
00BHHHP1,0.32398686
00UNMD0E,0.5855351
01AXPTJF,0.45220685
01HOEQJW,0.6137385
01JUKMAO,0.30703932
01V1X8XW,0.45038337
01VCVYR0,0.37944376
01VO7KBO,0.38143897
020SYHIL,0.45465782
02CQIJUI,0.34654242
02OLGGYV,0.391314
02VDQ7JT,0.5108458
03VDEOFZ,0.38683355
03W32GF1,0.30511343
0415LSAN,0.44275624
047IZEE1,0.6153739
04BA7VQ9,0.6481888
04Q6QMSI,0.7861512
04UJ9Q31,0.6672946
04W0XJEJ,0.15266712
05277SI4,0.22633208
05OKQQBU,0.35457775
05PUPGUS,0.24800183
0749FDXA,0.410109
078BED1W,0.69594294
07B3FVUX,0.30424753
07SO3YBG,0.60365754
07VBSV9R,0.50544256
07VRJ7KY,0.723026
07ZUS2DD,0.17114942
08DJ5XND,0.5432817
08HY52OR,0.4163368
08ZVZMNA,0.65217465
09D4JMNJ,0.3668568
09DSYIQ7,0.18492714
09O38XEV,0.25960487
0A21KQ6M,0.23197915
0A5K6EBZ,0.4705635
0AKC7N18,0.7227843
0AVGJKYZ,0.23232344
0BJTMHMU,0.10797966
0BLHVV1M,0.1438685
0C4IZ2NQ,0.35343015
0C5GV66O,0.79175144
0CBOHX9M,0.9314869
0CCJ1SMQ,0.5941276
0CGQFX6F,-0.17964533
0CQ3QSYS,0.65025383
0CXVNB4Q,0.6764386
0D33P1WR,0.8132681
0D3W2EG9,0.32943735
0D7OGTTQ,0.5668078
0DCGQEQD,0.10797966
0DFIQMAV,0.3573573
0DOD5YV1,1.0
0DSEXSUT,0.7551247
0E5E5VOC,0.37558854
0EILVR8Z,0.35449612
0ELNXTUQ,0.20029984
0F36Y853,0.34819707
0FCA4MPB,0.35457775
0FKEWN0K,0.30848622
0FOBE3OZ,0.2890163
0FX9QJAS,0.079354204
0G18CCZX,0.36802328
0G3S14B8,-0.6223041
0G5WK2AZ,0.11333629
0GB1F2Q5,-0.3257223
0GBJQZB7,0.36416805
0GG5Y3LI,0.35457775
0GOLHGV0,0.2974071
0H40XA1I,0.02611795
0HAAKCTM,0.59562963
0HZWVJSU,0.57331276
0HZZT3VB,0.7702017
0I1SE7QS,0.2974071
0I6TQSZE,0.2539756
0IBBENNY,0.6608586
0INHGQUR,-0.28633735
0IRU7WSZ,0.55965686
0J1KH6IR,0.13089637
0JFPL4WS,0.27656838
0JOKLM2W,0.35230446
0JRF3UU6,0.8987348
0JWZZYP6,0.170462
0K600HFK,0.2752161
0KIQZZ55,0.49235687
0KTRZU3F,0.3563839
0L5FPE0M,0.3850363
0LJU7D73,0.30882695
0M5P9LC5,0.7475328
0M738I3J,0.3302538
0MKZBCYV,0.8265472
0MQ7K6CC,0.6388929
0NEYSYJE,0.56155366
0NM97TFK,0.4638492
0NYFVKVR,0.43052047
0OGKWRB6,0.27187508
0P0F7Z28,0.35230446
0P1W9RZV,0.7607953
0PKQN5ZH,0.13369839
0Q269J05,0.34915084
0QAJE1TS,0.49186096
0QP8BFOL,0.76003253
0QPJGR5L,0.18522295
0QY53C2D,0.1113048
0RBILGAY,0.39081317
0RLELG5C,0.26671496
0RPFLABS,0.47241902
0S7CQ4NM,0.34527448
0S94ZK8X,0.4344415
0SKCHVYQ,0.1059739
0SPN656F,0.41452917
0SYVQUV3,0.6934574
0T9M01HO,0.23232344
0TD9MYE7,-0.06526208
0TVVGK0Y,0.18884483
0U5K9354,0.757357
0UAS9KZ8,0.21398556
0UU0K2M9,0.18835874
0V0E36KX,0.1131343
0VJRIRF2,0.85819656
0VPWA7OP,0.15627757
0VZZVO8K,0.45658532
0WJ49YKS,0.54604626
0WRP7CRH,0.8327539
0WT10TDJ,0.8620798
0X5OKEGG,0.23232344
0X5XXYXV,0.33962965
0X7XSWH8,0.52431244
0X9NOJIT,0.39710918
0XA3P7K9,0.54098636
0XES42U3,0.19563106
0XG1BZYN,0.1438685
0XKCZLPF,0.395588
0XLA0FDU,0.44845465
0XYD76FK,0.15867457
0Y09E8RV,0.7416303
0YDK8S9C,0.2974071
0YIZRXBP,0.43131408
0YJTCA8W,0.087597094
0YNM4HVC,0.095837906
0YTZPELQ,0.5835136
0Z2MDPDT,0.27455968
0Z2RHQDH,0.52870953
102U0YX3,0.37276098
107C2L0T,0.6371509
107DHDBX,0.33107784
10BYCU8A,-0.05068623
10HEMN9C,0.23232344
10VK7LE1,0.11503241
10YYE0DC,0.78331
10YZV5WC,0.35457775
10ZG51MZ,0.10797966
110TCSFM,0.5401625
11GUK2S1,0.41169956
11HBNHBZ,0.2016006
11IVYVX2,0.66620904
12L8FLPV,0.35323355
12NODYFQ,-0.6397591
12SDZ9RH,0.56570524
1389W54H,0.37126178
13BVQ17H,0.7945029
13IDRQ2L,0.18440282
13O16XLW,0.2323754
13P6K8QY,-0.34932986
13UO9VDI,0.20178393
145PEZAA,0.25972453
146NWQHN,0.25315067
146W4L0B,0.2974071
14NPKO0I,0.23232344
14VKGQMD,0.1372111
156RKJ4J,0.2644496
15LXW89U,0.36728027
15T435VZ,0.8335038
15ZDGMGZ,0.0385031
16CSK3VX,0.77043235
16GABXU4,0.11503241
16M3GQBL,0.3380692
16QKOG7D,0.30511343
16UV84RZ,0.4569297
16X4WWOG,-0.11350623
17CA2RAB,0.19089442
17U0TZP0,0.59008294
17V45OQY,0.35457775
17YJ5XC7,0.612199
1810S3I5,0.23034008
18F24KHJ,0.030401712
18FGTXCX,0.568269
18GHH8L1,0.20029984
18JWONSH,0.68056124
18KLKSIM,0.1131343
18LR28MW,0.10797966
18X8NIYZ,0.8967167
18YOVFEQ,0.47004008
195JQFF4,0.10797966
1960TJV9,0.5458191
19A3XHW0,0.110833175
19OCHYUN,0.33946443
19OQCFPQ,0.36196905
19R1ZAK4,0.36379525
19RFNUPU,0.63399744
19TXSZ4C,0.254323
1A5329KK,0.18673712
1AEQBETN,0.38768774
1AGLX0FE,0.11503241
1AW8QSL4,0.38605747
1AYJQ9EZ,0.33550847
1AYVYRYQ,0.5800467
1BHJM0RW,0.598478
1CDZ2D2P,0.34654242
1CQEHL9J,0.30374748
1CVJMZDF,0.5811949
1CW7IG3S,0.45497972
1D290KFF,0.095837906
1D89C1XQ,-0.51567185
1DAIX0MA,0.2974579
1DNX3VRF,0.51853055
1E9EBK5B,-0.31862497
1ENRJ53J,0.81398314
1EYYTF6R,0.3786603
1FDILM4A,0.35457775
1FELHUNC,0.6953961
1FQVXJOG,0.095837906
1FTFR0JD,0.1438685
1FUDDMOH,0.38215613
1FY7SVW4,0.03003946
1G3BKVPH,0.7018636
1GLR8XRG,0.39179203
1GNA8599,0.8107128
1GPSS9KB,-0.20300633
1GUGJUDU,0.10509265
1GVYL74K,0.21844505
1H0CHYJV,0.2254418
1H6D8SIO,0.749252
1H6UCU0F,0.72381747
1HLZCWBS,0.17531663
1HN5499Q,0.2915145
1HVDMB2S,0.5576313
1I5Y44LR,0.8566486
1IK7LJZZ,0.27099717
1J3NCJOO,0.29630136
1JBC356U,0.08756488
1JGHA5DB,0.7337493
1JGOLI11,0.69483054
1JO6NQRU,0.10797966
1JQ4RLYU,-0.71197057
1JV441U6,0.38903326
1JVVJ2L3,0.4243295
1K7KJ3EM,0.41731906
1KAPDGBL,0.3045824
1KIXM6E7,0.10797966
1KJKYS09,0.6123805
1L3TVUTI,0.62870604
1LI7YTGK,-0.12048549
1LIR621Y,0.83448607
1LJP0Q2T,0.69538903
1LLXXFMT,0.58003134
1LM2659Q,0.35457775
1LMPYA19,0.4109639
1LWISJYN,0.7912489
1M3MUGT7,0.4178334
1M848CXN,0.7787841
1M8M8LWY,0.5094376
1MF8IRNZ,0.19668925
1MGE219Q,0.40297037
1MVXNBML,0.6589418
1MXZDT81,0.39255944
1N5ELR4B,0.18881115
1NL1IDBL,-0.21295339
1NR57QVC,0.378749
1O66DLEX,0.8138917
1OG5E44N,0.45506948
1OLF5CES,0.33359265
1OTCEUTB,0.45506948
1OV397YI,-0.062193442
1P5OSMZS,0.6245661
1PDXT443,0.90249366
1PHQGV1K,0.3742238
1Q4973P1,0.19164355
1QHADUQ8,0.19089442
1QZZ632C,0.27937576
1R10AD1G,0.7840795
1R8LM9Q9,0.29504028
1RJECTL1,0.49742812
1RT2S3G6,0.35457775
1RVCUR4K,0.34654242
1RWQDVG6,0.38178027
1S3AYP18,0.65861666
1S3S29J1,0.4084344
1S49M49N,0.19089442
1SG2X4ZU,0.5747023
1SIX8HLK,0.14181164
1SKCA8EP,0.30882695
1SLHV5XF,0.5376908
1SNNQTIP,0.7316926
1SVQLHHM,-0.29911304
1T0C0J5I,0.86401653
1TE8URRE,0.6057918
1THKW1AH,0.08945723
1TYDTNXF,0.36416805
1UD6PS78,0.6845032
1V79BWMO,0.32865292
1V8WAUGK,0.15561876
1VF6PHC1,-0.1345198
1VS5SVNH,0.20170127
1VTEVYH5,0.5320776
1VYN1VPT,0.48410332
1WJ55D2G,0.48697945
1WRK9FR2,0.5271297
1WU05CCZ,0.22255173
1WV6C4G3,0.56924784
1XLJKA7R,0.24771348
1XLM2TLU,0.4036329
1XNPDGRI,0.5465646
1Y9RZ3FX,0.33885893
1Y9YVSU4,0.49136004
1YYMPD3J,0.6604973
1ZEJ12YM,0.10797966
1ZH03KU3,0.3540154
1ZIJZJIW,0.3265943
1ZOOZCO3,1.0
2029XRFF,0.14116769
2032QSMM,0.30851233
20GG6UW2,0.3045824
20LVF2NC,0.15331009
20U6WZ29,0.8844481
211GIYHQ,0.45506948
2157Y7O7,0.80915874
21W00O9A,0.12146463
21XGF2EZ,0.75421107
222NA1KI,0.79058206
22G523JN,0.222883
22MVYMI2,0.1438685
22QTELMS,0.3207295
22W84H17,0.16830078
23P3SSVR,0.8265472
23XQ7VZW,0.7867324
2464245Z,0.11117133
24UH976E,0.27123478
2584B7T4,0.22041301
25RQJGOS,0.056388944
25ZLW3EP,0.23837537
268KX2SY,0.4690787
27N7NOP1,0.35493997
282NC86K,0.8192774
28C5XQXV,0.2890163
28QN0ORU,0.2640026
28YVEFQH,0.30424753
290UJXO2,0.35457775
29EN0QUK,0.22245337
29EZKGY4,0.6208833
29OQCDBK,0.41156936
2A1261K1,0.48374256
2A5IO2S3,0.2106108
2AC4KYQF,0.07945284
2AFDI2MJ,0.023745324
2B1KS8T9,0.096301384
2B6Q61W7,0.8923453
2B8LHDQS,0.14106634
2BBG4MKW,0.3045824
2BDA9NMA,0.5853929
2BF2VDKV,0.4815872
2BIB2WTB,0.6884173
2BJ7VQ1B,0.3072928
2BSN9HPY,0.22303057
2BW3A3KP,0.43240792
2C2P5XSF,0.45643017
2C43RFA4,0.10797966
2D43EY76,0.032691497
2DEF3ZT7,0.76302487
2DF4FWM3,0.4719127
2DKH354J,0.1438685
2DOYXIRS,-0.039204117
2DX9KCUL,0.53010297
2E3Z70J7,0.7113994
2EI65C6O,0.4520865
2EPHZLNX,0.1482186
2EVE47YL,0.42793164
2EVHN3VP,0.11738928
2FAVB6B8,0.36416805
2FRTDIPL,0.51863605
2FZSC226,0.99893844
2G0ANM9H,0.48800984
2G2YL81G,0.35457775
2G67O8AT,-0.61239755
2GGC5RGG,0.38789633
2GGK4EOX,0.09092314
2GL5L3TK,0.087597094
2GS7T0GP,0.40784433
2HATL6AU,0.36239654
2HGJ9DS9,0.58073115
2HKGV6C6,0.43134147
2I4G5BMZ,0.19445999
2IHKYZC7,0.60544866
2IMYI43N,0.5249353
2JF4OGAY,0.23074318
2JSP549M,0.29273537
2KAEJYFB,1.0
2KVJ9CPL,0.33550847
2L12W98H,0.08945723
2LJYVABU,0.37156364
2LZGD9L7,0.30424753
2M48X0EX,0.16959018
2M4U10QB,0.1292306
2M7ZDGVN,0.25409418
2NGONSTN,0.61661476
2O1HWDA4,0.23232344
2O7CS8PG,0.8597728
2O7N30P2,0.42690393
2OAZY56J,0.23232344
2OEFWJ48,0.18268459
2P27AA3N,-0.4247996
2PI2KGPI,0.34654242
2Q6J3LEW,0.7171263
2QBT70AC,0.10797966
2QVPPZ0I,0.15786855
2RD4MJQ5,0.53172314
2RSMGGGQ,0.5175174
2RWGX9WY,0.17026319
2S2H03X1,-0.066132165
2S8E7RP3,0.35457775
2T4CEIWC,0.23425418
2TJOG1XL,0.5353666
2TT1ZWN6,0.23232344
2TV49WWC,0.095837906
2TXUQJXC,0.8649217
2TYX6BJT,0.48697945
2U39YOH2,0.63686514
2U77KHLV,0.095837906
2U93DIML,-0.48682493
2UIJITYY,0.43854553
2UIKSO1D,0.2238087
2UMKL29B,0.19089442
2UPIUQFD,0.22248961
2UTVCH63,0.65089375
2UXG60WA,0.055034325
2VEEYXC7,0.45223886
2VI1RHOM,0.2984558
2VK1B0WY,0.41962147
2VNZ1NAD,0.12943941
2VP2Z5GN,0.19668925
2VT9R24K,0.35457775
2VU8UF00,0.12191566
2VWPD5U4,0.60729176
2WXZUSMS,0.26281855
2XHX1QED,0.1438685
2XLCIVW5,0.97169083
2XP0FDGT,0.38502038
2XQF45DB,0.25257084
2YACEGJQ,0.32732785
2Z1FL5YK,0.36593074
2ZSGSQSL,0.59651953
2ZSTFLM6,0.77043235
30CQ4YNU,0.2794198
30MPKN09,-0.008954657
30N2WSHO,0.4951123
30TAAJDM,0.095837906
30U4EMKG,0.38088998
318SVEA6,0.61080587
31A8K788,0.26296544
32M2Q44I,0.5066882
32REVAG0,0.07143899
32T6ZRCY,0.48429003
32Y7YIIO,0.40721455
33481WKC,0.7692104
3399ZKCE,0.0035229088
33BNL0AS,0.3769261
34ILBL2X,0.091709934
350WHWEN,0.8384061
35W4BU5I,0.107044205
35XND9O4,-0.076830715
364SLNBT,0.8090611
365NIVAY,0.40791154
36C8E3FX,0.077404454
379KFE4P,0.4617993
37C25N7S,0.1421595
37EZIVHP,0.31314877
37MY2GB3,0.21398556
37OZ6OG5,0.2183794
37TE28RG,0.19089442
37U8WO0T,0.78812224
380K9ZWQ,0.31314877
3830P2ZN,0.3032774
38N5SSZ0,0.7256757
38U89KRP,0.39857417
38VWSVFB,0.68843555
38WZB80L,0.5040509
38YKJDV5,0.28725266
397Z7U3T,0.18139206
39NRAHLZ,0.23232344
39VQXUVG,0.35457775
3A0P5G4F,0.33550847
3A3HE13B,0.35230446
3A8RPOAE,0.10797966
3AH1VRKT,0.35905635
3AHIFIE3,-0.3299981
3AJGEVZ0,0.4361869
3AJHECDS,0.34654242
3ALFQRVZ,0.31261772
3AOYGO15,0.93036145
3B0XQV64,0.059240095
3B1GMXGW,-0.2339712
3BCKJ51Z,0.19089442
3BJHA66J,0.22633208
3BTN8PIQ,0.5526367
3CXB101M,0.44077873
3D3JZMCY,0.3265943
3DMYZWUM,0.354128
3DWNBF9Z,0.28792718
3EGWYPHZ,0.38683355
3FA9Z1RR,0.15214565
3FCWW0YG,0.35457775
3FIZ03LU,0.838753
3G34FE16,0.715553
3GKVHKEL,0.1642114
3HES0W0G,0.7420031
3HM9KNG7,0.10797966
3IGLZWKQ,0.37352818
3J5R863P,0.23232344
3JPJXOJL,0.21103838
3K4UVZ23,0.4799745
3KCVLPAM,0.3351777
3KKEQWRP,0.400919
3KX8TDLQ,0.25347966
3L2QH69N,0.67333645
3LGITGLO,0.8422953
3LRM89OU,0.27303803
3LVMTOW3,0.569589
3M3QGXDL,0.199142
3M4WD8IS,0.30424753
3MAQ6W9G,0.6798483
3MJUC6EJ,-0.062013146
3MKNC24U,0.15835012
3MV9F8UF,0.798831
3MZP3JD7,0.16290706
3NAPLSZW,0.49652383
3NAUC9IU,0.15107965
3NKZNO22,0.74475837
3O2HZLP9,0.08945723
3OJ7KT7I,0.457987
3P2JF9QJ,0.4243295
3PCDRS8W,0.22430274
3PHDXBYT,0.27930045
3PQ5JON7,0.15984863
3PTW4E3P,0.9559589
3PYDPDOA,0.4858333
3QJJLPGE,0.75115
3QKUCQDZ,0.22390273
3QOOO0KS,0.73938113
3QRFCVK5,0.25597805
3QXG460O,0.349492
3RAKQ80R,0.82864815
3RREAR7I,0.29726604
3SIYR3Z1,0.8770899
3SVOPWWL,0.6783136
3T0ATYWM,0.26008046
3T3YD897,0.2730435
3T766MCP,0.095837906
3T8UQC00,0.80165935
3TCONTV1,0.003930137
3TIY6FFL,0.1107352
3TJ2D4BK,0.88148355
3TLWFADF,0.2890163
3TPED3SS,0.27930045
3U7BRVRC,0.76651984
3UDCHC4M,0.08531997
3UOX40K4,0.32499892
3UT9BWC1,0.7620592
3V98O6DA,0.21868908
3VVBGGZB,0.4619018
3W5DKA5N,0.75359
3WIUNUY0,0.25636876
3WNDYPGP,0.33048043
3WQJWRNU,0.3111674
3X1GV9VI,0.39628372
3X2OH0ZA,0.66005874
3X6HN1VI,0.35508406
3X7WM1WB,-0.89200854
3XTQU2TO,0.15728194
3XTVHQ61,0.11503241
3XWUOD1K,0.33478028
3Y6RKQAJ,0.29050577
3YG5HF6X,0.25409418
3YIRRX90,0.5940378
3YS8BV6P,0.35457775
3Z3DIZVP,0.095837906
3Z6C09Q5,0.67357785
3ZLN7C8G,0.798002
3ZMSZZ66,0.32691202
3ZUNL5R0,0.8584743
4063L3W0,0.29705164
40O2CLZZ,0.809223
40VHRLN4,0.23179103
419XGLTB,0.6188858
41BAZ1BQ,0.15092126
41EP44LB,0.35457775
41QMUMSO,0.46818876
41TX1OI5,0.3902187
42VF21Z0,0.122952014
43AJ8UYV,0.52041906
441Q08X2,0.26087603
4422M8PV,-0.033569396
445W0YQD,0.14389451
44JTAUV9,0.24679352
44Y1PGLA,0.59721357
45120ZOA,0.10797966
458YGIKO,0.48828778
45CMV1HJ,0.15087941
45HRJYTM,0.536247
45LYPA6V,0.4707419
462YRT2R,0.56155366
46EVW9WB,0.30663678
46S20ECF,0.31353906
46VOU6BF,0.36416805
46WUVTIL,0.7159231
46XK7NNR,0.4609774
47IH54OO,0.36258057
47MMEZVF,0.33550847
47TV2U3M,0.77826244
47UX1PNC,0.22894505
47YJ4AKS,0.7763427
47YWTXP8,0.1982163
48G8JXR2,0.07052489
48SW79XQ,0.080310464
494G0186,0.15693676
497TAQST,0.4009318
49HP92WK,0.6638685
49PLMGJT,0.2532824
49TLYZJ2,0.49148306
49TU3DKG,0.18403718
4A6G1XII,0.77324337
4AGU4YNT,0.7959844
4AHAMUDH,0.55747086
4AHKERGZ,0.30424753
4B0NH4X7,-0.66838115
4B0SSAKB,0.52866054
4B37M9II,0.39526656
4B44Y95K,0.7505409
4BEGHATM,0.5526367
4BG1L47I,0.31314877
4BHN8T1V,0.4741229
4C96Y21U,0.30538344
4CRP4V5E,0.14611861
4CV1SQJ2,0.1131343
4CZUEN59,0.19089442
4D1GSEAM,0.36379525
4D26T5LH,0.979723
4D5A6VDX,0.5300637
4DHYW006,0.15881908
4DYPQ2HB,0.4753874
4EJVAQYH,0.28094196
4EUZZJ2F,0.4233624
4F13AIOJ,0.35230446
4F42U8LY,0.7262762
4FKH04QG,0.24076524
4FPS891E,0.91134465
4FQ75JO9,-0.2495908
4FY2LK04,0.35457775
4GGQYV4X,0.33589256
4GN2RS51,0.44157737
4GN6AYSE,0.17195912
4GQOX1ZE,0.8265472
4GWJNFZ9,0.15881908
4H9CNGBQ,0.6844347
4HD4K5AO,0.7645054
4HGAABWC,0.15092126
4HPKUGP1,0.29354843
4IIKRA2J,0.3222053
4IULS4TU,0.8421171
4J8YO2I9,0.044238925
4JICWVQ0,0.9387953
4JX99A2I,0.6578208
4LCE3WSP,0.43807918
4LDYEDB3,0.09092314
4LHLPOTH,0.62319654
4LJSHBCM,-0.021885933
4LQRXBEX,0.7505409
4LZE2PY4,-0.7212348
4LZSNF0A,-0.03318644
4M2VHO90,0.53313184
4MITBHDK,0.31850922
4MRUR57C,0.50155
4N1LIRX0,0.8936513
4NCOYU8D,0.8683262
4NEYSOWW,0.22521655
4NPAAM06,0.40319896
4NQRAHF5,0.31593272
4O1PE5M7,0.41279355
4OIEMVQE,-0.20544875
4P0FTVP7,0.8502827
4PXKITD2,0.45506948
4PXR83HI,0.77088606
4Q2FMMIN,0.29630136
4Q4LJWY8,0.35864758
4Q7JL5UM,-0.12553254
4QGWJQ1J,0.4243295
4QVCR45F,0.19429454
4RCC409U,0.31906113
4RG44OL0,0.12084938
4RP5N2P6,0.29407948
4RS287KG,0.39255944
4S1GEXDP,0.5289566
4S200YHF,0.23232344
4S2BZDTA,0.1280938
4S4ECMDY,0.7929924
4TAJHJUI,0.22481729
4TEL5126,0.2658638
4TG9MKXF,0.3446033
4TY9BAOI,0.43857077
4U54K465,0.08265997
4UEO3MUA,0.569589
4VB9KBAG,0.4114773
4VCTEXCW,0.11503241
4VERCXJG,0.033655148
4VKDGR69,0.7113994
4VKPLKQ8,0.44582
4VSWFM4E,0.32800755
4W04TOWC,0.48832268
4W4PHN6S,0.3935867
4WOP7UVP,0.07143298
4WTDHD11,0.34654242
4WY0N63C,0.24771348
4X0DGD32,0.21000111
4XA64CY4,0.29630136
4XGWN7U6,0.30511343
4XHER3GA,0.6239607
4Y38XQZK,0.38129953
4Y6DL9W9,0.57358414
4YHHD3IS,0.28075615
4YQVUDX9,-0.3724376
4YRJE1NA,0.21275249
4YT5YFA3,0.26973835
4YY7B6SH,0.51840985
4Z0MXZDZ,0.37728035
4ZBMG70R,0.095837906
4ZFC90NL,0.23232344
4ZJYIM8C,0.31314877
4ZPZ3ICI,0.11341009
502VPYK7,0.4116342
505UZYNQ,0.31314877
5071ZYCE,0.29630136
509OVIXK,0.55764186
50K3G71G,0.24563703
510PF284,0.63664895
511C9JKQ,0.17479731
51FTZT6J,0.5811443
51Y3JICD,0.08899002
52CIXQ9G,-0.062038165
52H3V6OR,0.7113994
53N68KSM,0.33885893
54279XMP,0.1438685
5596RV1R,0.5209975
56OKJR5L,0.5159805
578LN2NZ,0.106774434
57J0F19B,0.38996518
58IU8443,0.47144946
59BNP9TI,0.63174874
59C16RRW,0.3913428
59E7SRTN,0.9047525
59EFUWT3,-0.20974627
59JUTA3F,0.37751365
59VGVO3L,0.89994866
5A151HHZ,0.08885458
5A6PPX8Z,-0.48611227
5A76BUFZ,0.30424753
5AVLUBOP,0.34654242
5BC4HXPA,0.3479873
5BHD0EWO,0.4048885
5BNU65QR,0.1131343
5C2QAD15,0.74403995
5CB8YP5D,0.69052887
5CGKQP8F,0.2081689
5CH8NHHA,-0.3908249
5CIUDJFX,0.81460106
5CT2D06K,0.3265943
5CVA36SF,0.5599211
5CVN7WJP,0.09019989
5CYHV21K,0.25776425
5CYKAZEY,0.22894505
5D6MKE0Q,0.669348
5D80XCAW,0.6798483
5D9MK0Z1,0.69764984
5DRBROPZ,0.3812134
5E5AREQ0,0.7168811
5EKMTASN,0.30493525
5EQD44KZ,0.47283623
5F150QYF,0.22668685
5FL8JQR2,0.11280607
5FO1VXXQ,0.54303616
5FOTKVOG,-0.13254784
5FRAAHEK,0.7113994
5G3H983K,0.8785514
5G3IRHE7,0.6130152
5G9B22E2,0.8309118
5GGZH86Z,0.28514686
5GKJ9WON,0.3873632
5GR2O2PU,0.7102612
5GREU48K,0.32398894
5GWLEPR4,0.5846328
5H64YX1X,0.34671694
5H9EPBTT,0.095837906
5HGA706Z,0.73305553
5HICUYDK,0.74870944
5HM8AHAJ,0.7420031
5HURD6PX,0.3045824
5HV7LBPD,0.8580525
5ILGO30M,0.31314877
5IR5Q7YA,-0.00041562718
5J0IMXVO,0.16285092
5J1EVZF5,0.27856207
5J304HHM,0.3697897
5JB68HP0,0.31325433
5JF37PAN,0.42457426
5JL20ZLV,0.26281855
5JL3VWFD,0.3902187
5JP94K46,0.54925907
5JWVI4PA,0.13674219
5K237QL8,0.19668925
5KF6HSL0,0.30424753
5KJMRIZB,0.57404083
5KLNN8J8,0.5755136
5KP6WO52,0.21935704
5L0DH5OO,0.43893266
5LB2ZPWZ,0.08559293
5LP0F8H5,0.5016658
5M1EFMRF,0.2004729
5MS80OTH,0.55681163
5MSZG3HA,0.30511343
5N2C46ZC,0.34654242
5N7CQCBK,0.55965686
5ND6BU29,0.1438685
5NHMSKXD,0.34654242
5NO3GM2M,0.5506118
5NQAXZDS,0.7443584
5OE9DNW3,0.79851264
5OHR9HF8,0.15881908
5OTV3GJ1,0.36745262
5PZ26LLV,0.37928668
5Q6ZWB30,0.6551638
5QBS77O3,0.45952067
5QDEFLPC,0.38311845
5QJUW4VW,0.5399046
5QLK6FES,0.34819707
5QLVTAAS,0.40344748
5QP7CE3G,0.11503241
5QT0YH5R,0.095837906
5R2GSYN3,0.6638685
5RN5UEAZ,0.5875941
5RODRX30,0.19089442
5S8CDSSP,0.467124
5SZSOBM1,0.14197725
5T7DUFFZ,0.413558
5U46XCBT,0.024275338
5UGH353H,0.7060859
5VCPXAK9,0.6085876
5VGY3K3E,0.31416455
5VHZJL6A,0.45025164
5VPNPDT2,0.08353432
5VSI06MP,0.86495996
5WF23VK1,0.023096478
5WKXAYSY,0.3309039
5WV7PBYZ,0.13369839
5X0UMC70,0.219058
5X4ZRGV0,0.48056895
5XFQCKMS,0.56357497
5Y3L3JCQ,0.57115525
5Y4BKJOU,0.3265943
5Y7LFJOD,0.5020633
5YU9RLPV,0.461463
5YYQMULO,0.11503241
5ZAG12J9,0.5933674
5ZB4XDUN,0.8398593
5ZG6LRKH,0.33043376
5ZVJVLKA,0.1939182
600WI6KD,0.11503241
60EUZK9P,0.6041981
60I0UBDN,0.35457775
60TU5RRK,0.31314877
60ZFCO5J,0.650716
61EQDN5I,0.3184022
61GE4EVI,0.45067075
61UR361W,0.10797966
61ZVUAQM,0.049868558
623BR9X3,0.4007612
62KUXDD2,0.33427745
62R8VW8R,0.7840795
636ABE39,0.36859086
63AC9G27,0.3306288
63EPVM4C,0.30699065
63QEO22O,0.5289566
63X02L5H,0.27303803
63YQPGKD,0.26715183
642FUVR7,-0.6283894
645I4Z37,0.49340433
648HICVR,0.40571675
64CR3A01,0.3018968
64F5629V,0.39825404
655JARBD,0.7948587
65KM8VV5,0.5483216
65PQCQQS,0.6016832
665K8SQR,0.20391169
6676YW93,0.21257837
668Q17IC,0.037978992
669HBRIF,0.37794432
678Z8L71,0.20151679
67CC5FRM,-0.055200238
67EN32CZ,0.652399
67KUXXDL,0.27118874
67US8I9O,0.27987486
67XIO06B,0.56888086
6898063M,0.7165733
68K9GS5V,0.25409418
68N0U0EM,0.11503241
68PNXYCT,0.36247033
694WQ2WB,0.11503241
69GQE2RT,0.18784377
6ADW8KVY,0.41041827
6AOZAKL5,0.9408505
6B6090CA,0.2242963
6BCKV7ZV,0.35133493
6BVMT8SY,0.70825773
6C9C00M5,0.30703932
6CC7240Z,0.261176
6CE9LM9H,0.68329453
6CKKPW0G,0.37259108
6CN930HR,0.23232344
6CPATWOK,0.25257084
6D5H7QBV,0.67026705
6DB6NVMX,0.5339827
6DK7JMUK,0.26973835
6DM7IFLL,0.06871307
6DXIREXG,0.1438685
6E2GHT9E,0.52523994
6E98U8SY,0.22999841
6ECKWURZ,0.1960799
6EIECVM4,0.77690315
6F3RVNCZ,0.64814967
6F85SODB,0.16555001
6F96ZNNH,0.2624624
6FAM1HN6,0.68339944
6FCUXQPO,0.74078846
6FF6BVZM,0.58959687
6FJS847G,0.62714154
6FPS6NHC,-1.0
6FXB4HN6,0.2111418
6G9S41P3,0.33550847
6GA40CEP,0.08170316
6GBGH7ZW,0.1131343
6GP1VBAP,0.40284714
6H01JVU4,-0.044493597
6H39U3UB,0.57261837
6H7PN876,0.49998575
6HAJCYW8,0.55965686
6HEVUMPZ,0.14542577
6I38J7HO,0.2974071
6JHS5825,0.28839958
6JLRWENS,0.37219462
6JNCJRDI,0.7840795
6JZW0Z1E,0.8653156
6KGJGGX1,0.31416997
6KLDVFUK,0.8244755
6KZUZ4JQ,0.6295525
6L0G87GS,0.20796883
6L1E03HH,0.69395614
6L7Q51F5,0.24370371
6LCQLNFT,0.78304034
6LDQI59U,0.5579472
6LG4YLFN,0.7840795
6LT2N0OY,0.34121755
6LWGYU58,0.44245866
6MCXOZ5P,0.1815893
6MHO81WQ,0.5959145
6MPFRJ7B,0.055034325
6MU3AQLA,0.70764154
6MX41TND,-0.60548025
6N37WIBH,0.537329
6N5SN3I3,0.13089637
6NE3IG8O,0.2578869
6NVH3IZB,0.49434906
6O45N93C,-0.031441763
6O8UNF8Z,0.73509324
6O9ULVWF,0.28725266
6ODDG168,0.19089442
6OLYZGJV,0.31261772
6ONCY1A5,0.26281855
6OYGYM5P,0.2111418
6P5W1AYU,0.23232344
6PJYA8EM,0.3994009
6PYZGC96,0.43486086
6Q0A6J23,0.5917454
6Q57P2TL,0.095837906
6QAJ1R4U,0.21764013
6QCLPYI8,0.32183746
6QX15JRK,0.6211463
6R3V9PQD,0.7219554
6R600IPP,0.73938113
6RBSTXZD,0.5313728
6RLJ09X1,-0.21715078
6RVZIBJN,0.29630136
6SG0816U,0.14952786
6SY0TEQI,0.53236026
6T8L3MYH,0.3045824
6TA252X0,0.25848693
6TN1GLZH,0.38925117
6TZPOYXM,0.36432993
6UCNE3PV,0.12468092
6VRCW033,0.17771797
6W7QJWQZ,0.3176566
6WXEJVGX,0.34819707
6X34W7FL,0.8604308
6XUYMKVG,0.010975486
6YO1FZA8,0.418337
6ZHHNJK4,0.25471276
6ZIL6X87,0.08945723
6ZMH9T5G,0.5898245
6ZQB71K6,0.6576898
704IIVYF,0.91647595
70ATVDT3,0.6839729
70R5R3KF,0.25409418
70Z4A2W3,0.23232344
711JPSTN,0.28406048
716NHZG5,0.021467203
71F0BYCB,0.35457775
71F7AUQ1,0.26803443
71MSX8W1,0.8716835
72BU7K2P,0.31862572
72E11HXR,0.08945723
72IZIWUD,0.090438716
72S8W8YF,0.33650333
73IWEURC,0.49842867
73O3RYHC,0.6581169
73Y9QXY0,0.34654242
742ZY0P0,0.3397848
745OQGFU,-0.702337
74CSE0YD,0.50149286
74HWQKSP,0.0023153825
74SSFCAX,-0.28590673
74YPPOM5,0.48875937
74YQDF04,0.34819707
752MSWCF,0.199951
755G9RPO,0.55947065
75OTWLY7,0.40460062
75PLCT41,0.2974071
76GPGJSK,0.6779888
76HG854G,0.46639076
76X14U0J,0.121713094
77J0EK1T,0.5276587
77SP0Y27,0.31855792
77U8G1GE,0.36920786
78ETQEZ2,0.38391933
78OZVY0D,-0.2176031
799UN31D,0.6804564
79QWL6EB,0.2016006
7AH9KW8K,-0.625139
7AO0569W,0.96687794
7ARUCL2Y,0.10791415
7ASLQW7Z,0.23232344
7AXOEF90,0.14467223
7B8S05LH,0.46215612
7BRHERSG,0.23232344
7BX8IZ7F,0.23232344
7BXCGFR0,0.25257084
7C8BGAH3,0.022414906
7CCDOL4L,0.45937636
7CEV4MUP,0.55434245
7CKTODGP,0.34654242
7CRY5Q42,0.38622165
7CS1227B,0.5124184
7CS5AV0U,0.19827272
7D03BIJW,0.23232344
7D1QNHAU,0.63651216
7DF8MM90,0.8716178
7DIUCWQQ,0.7692582
7DPALSKW,0.25539643
7DQES6FX,0.13427192
7DQQJ2RZ,0.38088998
7E1DN8ZD,0.055034325
7ECM6ZZG,0.17195912
7EDSGWLM,0.4581959
7ERYQMZ3,0.35457775
7FIA39XM,0.1003611
7FJW78CJ,0.51414883
7FPSBXAO,-0.17932498
7GHWXZVO,0.15266712
7GMINV5J,0.25409418
7GRL2GJM,0.082151905
7GWF846M,0.23232344
7H4RH3Y8,0.15633719
7H617G8D,0.31661892
7HQ8FTNB,0.32990193
7I1R315L,0.39129832
7ICYUWS7,0.11503241
7IERXLRI,0.53194463
7IH2D03G,0.6242675
7IHV8UU3,0.40005314
7IJFB31G,0.41511956
7JDWRYUT,0.2438421
7JIWFW83,0.15427558
7JNID755,0.28772897
7JPPYFUV,-0.11426963
7JR3R3G6,0.34654242
7JWEIKXX,0.37446856
7K02URNZ,0.08945723
7K34K05M,0.65631473
7KJSQMVK,-0.41521436
7KPVYMLI,0.1438685
7KT2P302,0.6833308
7L1G8G12,0.21395533
7LD7YTWE,-0.1409517
7LHO50GN,-0.053152584
7MIL1J1J,0.41032723
7MWHB11A,0.8339098
7MYV16B7,0.03898446
7N1PHPF3,-0.063202515
7N5GXX96,0.33550847
7NCI2E0N,-0.4556802
7NFESMKG,0.7419437
7NLCTPYC,0.35704464
7O1O89XD,0.28107336
7OALPPU6,0.30099812
7OC6EMWW,-0.2176031
7OGXUX3B,0.57572484
7OKKUK20,0.8366531
7OL3JEZN,0.3111674
7OMQ864W,0.45231152
7OQC98ZD,0.3793861
7OUVFT0M,0.30424753
7OXLSJ7A,0.539329
7P9CLMVB,0.25559214
7PDP3O8E,0.78712374
7PI27ZFZ,0.037978992
7PPJ64WT,0.8241405
7PQV9XK2,0.30424753
7PV5WENV,0.3711857
7Q7HHTQJ,0.29705164
7QDFLY4P,0.29248914
7QK1TXAX,0.67905766
7QRSNDYK,0.8016837
7R59Q15A,0.69307214
7R9T9X5D,0.23232344
7REWHYX9,0.033655148
7RFB5WCB,0.27191576
7RXGWLMW,0.36339498
7S55BSEW,0.07488829
7SADIL8I,0.08945723
7SV6FSIY,0.34086114
7SYC4TU1,0.895727
7T9QULI1,0.45166388
7UA7KP4V,0.14222448
7UH6H7ZS,0.1280938
7UKZ8KZ0,-0.36035776
7V10541S,0.65498453
7VAHT7W6,0.8988192
7VL7WP6G,0.19496651
7VLDBS3K,0.055034325
7VO2V70G,0.0318157
7VVISF7N,0.49303374
7WAW8EI8,-0.17384675
7WE7US6E,0.116288826
7WLT9ZEU,0.02929281
7WMNVEOR,0.3218722
7WTH0SLJ,0.82959956
7XEILCIV,0.35457775
7XS45JLA,0.1695052
7YLUOGEX,0.61336327
7YY4CSFQ,0.48896214
7YZTHWML,0.4584672
7Z3PF3ZN,0.30424753
7ZI3IWWU,0.2284833
7ZIULCAT,0.15706095
7ZVDKMH7,0.71942616
801JZ4H6,0.30511343
80ETNBXN,0.4273902
80PSD5ON,0.44009498
80PU5ZG1,0.9127146
80YDA5LI,-0.043511596
8177NUAT,-0.21125321
818VJKS0,0.6803453
81A6OOXQ,0.239062
81KF5YSO,-0.1627745
81KKEXEP,0.32650483
81PO84ZD,0.14606044
81VEHDGJ,0.2890163
81Z92EBG,0.70078045
826Z7IIB,0.34428936
82KHXPL1,0.17936403
82ORTNK6,0.73694843
82WMT3OY,-0.22517301
8399FEJ1,0.39825404
83OLQV4Q,0.24362466
83TJITOA,0.25409418
83VVP2R6,0.571656
83Y74ZNQ,0.11884591
848UCQ7E,0.23313458
84LR5E8O,0.4882469
84Z5QIA1,0.20667724
85XRK92R,0.73938113
862JJVX9,-0.0511122
86CDJNN3,0.2975709
86HTFWZV,0.06113626
86LEFFE1,0.16490638
86LR2FW5,0.19778486
86N1CPKU,0.5470923
86QM74C7,0.40686944
874HDPI5,0.1280938
879BFV5E,0.38311845
87D3FEWP,0.54753554
87LGW8NG,0.20307362
87TCDVRQ,0.15881908
87X84WMO,-0.10714917
87ZRGVJA,0.33048043
886Q4X8P,0.7220843
88E14HM0,0.28107336
88ODFR4B,0.010506209
8988MNAM,0.1131343
89JYE9SP,0.31337133
89TN2CB8,0.31314877
8A3A19KN,0.8075095
8A5P55ZQ,0.56116
8AFJQCGA,0.095837906
8AINBIDT,0.3014397
8AR3HVM2,0.40005314
8B5LSTZH,0.54611194
8B6GUN8X,0.8192774
8B75433U,0.49619573
8BEB1SLG,0.68168026
8BNC4QBE,0.12427624
8C1Q3WF2,0.23232344
8CL5HA2Q,0.2974071
8CN5O66D,0.3074561
8CZEPULI,0.7110631
8DESXAOO,0.5159805
8DJVPSK1,0.72763455
8DMAKLLO,0.20313086
8E1EMG60,0.5380993
8E8UMSI6,0.095837906
8EAG30W9,0.33005723
8EDXD12M,0.6874277
8EJ0NFJX,0.8244755
8EN3JD0Z,0.38995284
8EQN3ANA,0.49930522
8EXPI47L,0.34944153
8F2SBMUV,0.19668925
8FCISLN2,0.46146354
8FOYCBQU,-0.0032033417
8G6AQJD3,0.5387409
8GPK17EL,0.10334509
8GQE8UH3,-0.18180408
8H1VWVGJ,0.32427564
8HGFMV3V,0.10797966
8HQKUVTM,0.7149762
8IBLRV2T,0.8797699
8IBXNNAD,0.11884591
8IMLTEWC,0.7420031
8IQYXPMZ,0.4163368
8IS0T0QY,0.7420031
8JAV3DH2,0.43755162
8JYBKSQ5,0.23232344
8K67TBUW,0.0040412038
8KJ3DPOE,0.085075915
8KSOTTAN,0.2828567
8KYANMAE,0.15881908
8M1L6O3U,0.22785193
8M2DOEEN,0.6387875
8M5UR6YD,0.35457775
8M8O7KQR,-0.06868777
8MH0H3JI,0.40005067
8MO3G59R,0.19504704
8NFAZRO5,0.12306203
8NKPKY8B,0.8362031
8NTIXNC3,0.519503
8NY4FMGA,0.34121972
8OFMB0T4,0.35285455
8OJ58DZG,0.28029212
8P2PPX4P,0.64814967
8P4XN2TG,0.4347874
8PCYDUWS,0.35973844
8PG6KFF0,0.8221381
8PX84BEB,0.84390205
8QWIWGUL,0.34654242
8RYIL72F,0.72953975
8S4LE3EE,0.23232344
8S9797G5,0.41376776
8SDQX9I0,0.6016832
8TAWCDWR,0.64161
8TKK4238,0.14064334
8TSRG69X,0.06413516
8TT30KB6,0.49940637
8U30AIIJ,0.66534513
8U6JIR9J,0.2953486
8VOJ5KTA,0.30424753
8VTWHXX8,0.4461132
8VZZKKAB,0.14845327
8W2Y8UAZ,0.5034741
8WGZBKRO,-0.21284737
8WSIX12O,0.12468092
8X5K5WH3,0.33722442
8XVA2R7K,0.26782617
8XX6XIC0,-0.7838873
8Y7T5KIX,0.67199236
8YCLOO9L,0.41892657
8YGC2PAS,-0.6547333
8YJCOB31,0.45231152
8YMG2PX7,0.6514389
8YNHF5DF,0.9406386
8YV3AVX6,0.19089442
8YVHBGRU,0.37543783
8ZGQ3LDT,0.45506948
8ZPI5S6D,0.35650805
8ZUBU840,0.11884591
90APMOTO,0.46544796
90FWI4E9,0.31105223
90OZ0ZI9,0.34654242
913CJOCV,0.35457775
91RAH080,0.23232344
9205NYHW,0.3474191
928TBM28,0.10191447
92DU27AF,0.608493
92HUY0Z9,0.69915646
92L5CQZP,0.54862154
92UQQCW6,0.30424753
932F9HC9,0.25746813
93CKUX8C,0.17675756
93EG96MN,0.7420031
93I1R4F1,0.2056125
9444JELP,0.26439446
945TBZHG,0.07560722
949OITTG,0.63472563
94AQWP04,0.6685423
94NX9752,0.29407948
94PLP12S,0.27226272
94T5711M,-0.677996
94W1TXTT,0.7861512
94W2RXG9,0.8200664
957KVNLV,0.53699195
95VMP0PL,0.5252501
965BUG4S,0.68733495
967TC7WG,0.5700875
968GUMP4,0.2994321
96DULYW3,0.6392048
96ZYC6KM,0.36072025
97VHOEFA,0.6665109
97WVSNS2,0.27199778
985LGFEE,0.13089637
986LY7HS,0.8051969
98C1MDK5,0.3141396
98CGFVZA,0.36118376
98ZBYP66,0.1131343
993R739K,0.44234803
994DSL8O,0.4870768
996BTOX0,0.099618986
997MBJLJ,0.432687
9985VXKG,0.12389255
99LQYTMU,0.35457775
9A8K4SZK,0.00150573
9ANO48R3,0.7309222
9ARAURE8,0.22813638
9B5P2GAW,0.12039707
9BJ05L2K,0.22993836
9CDEBZAD,0.08945723
9CK9LMD5,1.0
9CSABIZ2,0.37895975
9D8R8TY7,1.0
9DD9YE48,0.33043376
9DQSSZVE,0.31148478
9DXTTNQL,0.5587695
9E2Z4889,0.26153663
9E3YRSDX,-0.40600583
9F4ABGTA,0.38030234
9F8MZMSD,0.21590608
9FJ45F9U,0.59329236
9FN1R560,0.6747072
9G3EGFYT,0.5728844
9GC4XGAW,0.17089914
9GCA0E7K,0.4830742
9GI5KFGB,0.8693905
9GJLP7I9,0.31314877
9GRDOY27,0.31314877
9H63SLJV,0.25315067
9I2H3OGO,0.72664464
9I96BYIG,0.22633208
9IJF8KQX,0.38056755
9J8MMBEM,0.36802328
9JCCMIUG,0.18569182
9JCCUXD9,-0.039000385
9JKFUJT2,0.09554978
9K01CP3U,0.6764386
9K1HAXBD,0.43767962
9KKPMXBC,0.59013635
9KNPYH0E,0.3607486
9KUPVLHL,0.25597805
9L10IDU9,0.22893299
9L2257E9,0.43031684
9L3X9AZN,0.314962
9LEEPXXK,0.24466574
9LLI0KLX,0.69447327
9LRXEPFR,0.49320123
9MGWTS9K,0.63778615
9MIO2IM8,0.6504631
9N0ZGB8H,0.40025052
9N3AP91L,1.0
9N8T6YIP,0.08945723
9O03XN7B,0.36152497
9O20NRBE,0.2390752
9OBCKNZD,0.50099236
9OGY96KW,0.37558854
9P4EE87G,0.34672594
9PWM3K9I,0.5205163
9QZ73X5E,0.49947932
9R1CMOL8,0.023348734
9R9RCPQO,0.59982187
9RB238UN,0.37490907
9RFDBHRG,0.28604093
9RLNEHCN,0.69264555
9RLYHFPD,0.54540133
9RXUMO4Q,0.60246336
9S1MBEJ7,-0.1957641
9S3XBBJN,0.810505
9SOQ2CVS,0.31661892
9SUJLCE3,0.43935066
9SX0N1WW,0.17744681
9SXPFWFZ,0.11543214
9TK485TB,0.4887802
9U0LB4QN,0.5710282
9UA6FG4J,0.13799469
9UFK7R5C,0.23232344
9UH50PQ7,0.19668925
9UTWJUII,0.3135827
9V2JGLY6,-0.0871668
9V6FC281,0.9025624
9VER7RXS,0.33550847
9VF7GEHB,0.35144255
9VGLOX4S,0.54096776
9VLSF1OU,0.4243295
9VTMWFB8,-0.12132655
9VV52D51,0.4862496
9W7M2BLE,0.15909849
9W9VCUDO,0.71683866
9WEXCGXF,0.39750367
9WH6YJKT,0.15961467
9WYEGOF2,0.17423308
9WZMBX6E,0.11503241
9X1OV59S,0.30424753
9X2HI503,0.6016832
9X4NXINR,0.23232344
9XZGLQ0C,0.10159897
9YET3X46,0.15881908
9YGIG1LO,0.4384173
9YH82G7B,0.2121763
9YMLBEJN,0.8323775
9YOG1X7Z,0.27342692
9ZCUSSZ7,0.4680339
9ZU2WMSI,0.37558854
9ZWO3958,0.34540457
A01THK86,0.32222998
A0JAN1J2,0.19202448
A0O99UMP,0.10797966
A1BRFW0T,0.20029984
A1J3AV3T,0.21064472
A1OE79R6,0.84991056
A1UVZKUO,0.6944589
A1Y6PAS5,0.11503241
A1Y8HKPV,0.08945723
A26UQGVG,0.13025478
A2CYVHWQ,0.11503241
A2FD3MKE,0.23885527
A2W881PS,0.69246006
A351A9ON,0.26720613
A3JVLCT3,-0.094234094
A3P27I8F,0.4243295
A3VB3JNJ,0.19089442
A4BV6A09,0.12606303
A4CXFX3O,0.7578359
A4D5GMJ5,0.40193242
A4R1XDRZ,0.70273787
A4VKFIPM,-0.62112856
A4WIG4JU,0.8192774
A4WNLRQQ,0.43637925
A5WD20W7,-0.31100175
A61C9LA8,0.14845327
A6GCRK4T,0.08945723
A6GJBSG4,0.73754704
A6GNI798,0.57043344
A6JG10KP,0.30924836
A79NQIR8,-0.04701022
A7AG9GPA,0.25257084
A7DYEIMY,-0.613254
A7HNHQG5,0.31141374
A7LSKLFE,0.23329972
A7ROOHBQ,0.3296819
A856A547,0.35264304
A8FCWRLZ,0.16116759
A8HF35LI,0.4074726
A8SUU46V,0.35457775
A8UPEQKV,0.12551303
A96A85KL,0.2580538
A9FG28PF,0.23232344
A9O58406,0.239881
AA225E8R,0.1131343
AAE1KYTZ,0.4969953
AAKHTLUT,0.20893992
AAU6YOLV,0.19668925
AAXQR5EC,0.8242509
AB3AF2BN,-0.13994426
AB7TCD8A,0.23232344
ABA7VRC8,0.48016226
ABFZ2G4G,0.49671966
ABJFNT4D,0.3265943
ABMZNI4Z,0.35457775
ABS16S8U,0.71833014
AC1CTJLU,0.2974071
ACA8WQK1,0.27929398
ACCG757S,0.756446
ACJK6O1A,0.55707574
ACRUL2M4,0.4447287
ACXSGFH9,0.53885454
ADJ7G4S6,0.31314877
AEE8B0EF,0.11503241
AEJH29YV,0.33550847
AFDTSVAC,0.318534
AFDXLFLX,0.34653455
AFG0ICN1,0.095837906
AFVFGB3U,0.0074900812
AFYZHKGG,0.44500569
AGAGWCXW,0.11884591
AH4GNBB2,0.78359336
AHRU4NRE,-0.109634206
AHVETN20,0.16610268
AHYXWEB1,0.32812908
AI7Q9DOV,0.25409418
AIFQG7ME,0.7863862
AIS9P9TF,0.39004317
AJ1BWJMD,0.5628925
AJ3KT4OB,0.34819707
AJDC9IHE,0.8422953
AJMQGJG5,0.51474756
AJSIX3OG,0.09092314
AKCDEWI1,0.16081502
AKF3U4PT,0.35457775
AKF7N1ZG,0.17192443
AKM0JXQJ,0.7683314
AKP12BK1,0.63196087
AKVZKHDM,0.27846822
AKX9G722,-0.56380236
ALBBDSKS,0.8422953
ALMQXHMI,0.37026483
ALQ2CX74,0.13772218
AM1RKYD5,0.23232344
AM7991TA,0.1438685
AMAO5UCR,0.2374082
AMII85FU,0.2649985
AMS2BN3Z,0.6707584
ANPENEJS,0.08945723
AO0L7112,-0.41911292
AO1D3OTO,0.23232344
AO65W7J5,0.2036162
AODPPJVU,0.68056124
AOJ79UYR,0.79058206
AOUK38RQ,0.35457775
AOXLW85Y,0.31314877
AOZQBGYG,0.5413598
AP6MZ5K2,0.38683355
APLP0N8O,0.09466488
APVZSX0D,0.25239113
APYJUYV2,0.7913781
AQ2HOF1A,0.888342
AQ4SBH24,0.369719
AQGVYQQO,0.49366724
AQKBUB9S,0.49874577
AQKDC9JN,0.98626035
AQMA0O5I,0.45231152
AS0VNA0Z,0.34754458
AS0ZJVUN,0.5154821
AS2MCT73,0.005872804
ASKRDW4O,0.04769437
ASL3TUFK,0.24207722
ASU92FHG,0.37693337
AU3LAENJ,0.30424753
AU66ZLE6,0.38790956
AUF0PJ7A,0.37754577
AUT8Y06K,0.25257084
AV00VR3P,0.6911302
AVMG5GVA,0.63282996
AWOJBWX2,0.37944376
AWTCWGY8,0.45304883
AWUMBL0M,0.27930045
AWVZ2JYM,0.7405134
AX0U19VK,0.69916445
AX8ME48C,0.18403718
AXF90AID,0.6295525
AXJGM78S,0.83063
AXQTRQ29,-0.36035776
AXZVRFMS,0.3821527
AY0QTNDH,0.10797966
AZ1DNAKC,0.29927313
AZ3PGG38,0.47476378
AZ3WAY0O,0.5680225
AZ5JOXT9,0.27303803
AZS5WZQL,0.4595324
AZX4VHK0,0.5383037
AZXRLNKW,0.28107336
B0UUYUG9,0.31444722
B0Y0UJUE,-0.0014802656
B18C1OAN,0.1438685
B1NDOK02,0.43524754
B1R8RHD0,0.2868449
B1T48VH7,0.31437972
B1TARAX1,0.26066792
B20B0DVF,0.4021778
B22XSBKV,0.3045824
B266NXRN,0.025742661
B28UJAB6,0.58449066
B2MLB5EW,0.2974071
B2NGHBYT,-0.9140385
B2RH3KPF,0.37647584
B2THWXWH,0.70325214
B2UI8S0S,0.27534038
B2VR8KJV,0.16043836
B2Y5XNT7,0.5342228
B38X3QBL,0.42076638
B3N439YR,0.23232344
B4BHQR2T,0.12927344
B4C90463,0.72296184
B4ECIEOG,0.83691376
B4HN47MW,0.5806925
B51G85HB,0.6249938
B541HJWH,0.45506948
B5LXPH0Q,0.2847192
B6K2QNBG,0.2755688
B6SXNFO4,0.84501094
B73XO1R6,0.32812908
B7DKF1P4,0.10797966
B7MFHNMX,-0.81189406
B7OFCW93,0.44221035
B80TQWEA,0.35457775
B84YGB99,0.42026892
B8BOJ18V,0.18424526
B8FRS34E,-0.15266933
B8HJFO15,0.79058206
B8HY1QIM,0.62341964
B8N7FMAU,0.3012763
B8NBPCYH,0.88483137
B8RO9YVF,0.5101556
B9EQMC23,0.33550847
B9OBPI5N,0.16490638
B9SWSICT,0.16490638
B9W1YCWS,0.08945723
B9ZVGIVO,0.15881908
BA623SNR,0.92232734
BAEHAWOI,0.2678939
BATJG692,0.23232344
BB2Y3CU6,0.8796603
BBAPY3MW,0.30077344
BBEIR14H,0.43238336
BBOBGZU9,0.4719127
BBQAGMA2,-0.029134788
BBQYW2X7,0.49263027
BC6ALK75,0.0084202755
BCGRAP58,0.9482541
BCJ4KT7J,0.16483866
BCMY9CFO,0.80118924
BCQIGSNY,0.2892307
BE9HOR69,0.17187375
BEFE3ENT,0.37671536
BEHPEM2R,0.3785753
BEK114YK,0.34819707
BFI3PR7C,0.7245639
BFRSGQDC,0.4243295
BFWOXHUY,0.27471718
BFZSB1WV,0.23232344
BG0XXQ1R,0.5214985
BG29DYY4,0.22633208
BG5PLGWP,0.23232344
BGAJ3N20,0.6278048
BH2HIVPU,0.2974071
BH7Z5ZQE,0.33650333
BHBDZGXO,-0.4419925
BHFGZH0Q,0.54471296
BHJNV5EG,0.23323312
BHMSNM2O,0.4941735
BHTGC09S,0.23232344
BI3TFZFK,0.5178816
BI7BYIJ2,0.8214257
BI8FIRW5,0.20252554
BIIBVVNN,0.40895432
BIS3W4DL,0.4032113
BIX4TIQQ,0.30154878
BJPMNVOB,0.27093607
BK5PSPCO,0.28695494
BKKGH67U,0.08945723
BL2DPQMW,0.33620963
BL3UFMYP,0.38760978
BL53O9GH,0.7420031
BLVUITP3,0.55965686
BLZLWGQN,-0.11101507
BM4F5RXE,0.7378416
BM7S56G2,0.35457775
BMKIUK8B,0.27819675
BNHVALIW,0.49225503
BNKWV62L,0.42618608
BNSFZRGP,0.52626926
BNV0XQBC,0.24771348
BO1FFB1X,0.18858658
BOVQRWJR,0.9192449
BOY9FRA1,0.59514374
BPGDAEFC,0.007853044
BPROQZF7,0.38762832
BPUK2JX3,0.40769476
BQIPQVDA,0.5610828
BQQMS83D,0.08295702
BRAKZ2MT,0.28013343
BRWBHK7H,0.4846062
BRY9VDTD,0.20806272
BS6J6LNI,0.31314877
BS75RPNP,0.30154878
BS92PAO3,0.1532329
BSVJ74OX,0.01968613
BTCMF1Q4,0.31307694
BTRBDKH9,0.820257
BTUC4GWY,0.52189994
BUPU45CZ,0.35457775
BUXCVL48,0.31416997
BV6W74YS,0.271367
BVOXIBWE,0.7011454
BVPREKSM,0.19955294
BVSWDWCQ,0.46747857
BW2YTU0O,0.4080828
BW7WOVF5,0.36599824
BWSZJ69S,0.32812908
BXC5CDRH,0.29354843
BXES6ZDS,0.16490638
BXETQIQ5,0.73938113
BXTTCYJY,0.49263027
BY09OFAE,-0.13958913
BY4MQFZX,-0.10310657
BY9MOLBQ,0.6340445
BYJ4549Z,0.73682517
BYJKDKSL,1.0
BZHNUFYK,0.4156361
BZVKZJ7J,0.43654317
BZWE6QA5,0.59690714
BZYOH81J,0.99878687
C01SWA8D,0.47742808
C0398QFC,-0.10231286
C03IS4OH,0.27187508
C05JARIF,0.13089637
C08B90U2,0.29407948
C0CKVJ52,0.24471867
C0SEYF71,0.31261772
C0WWNCHC,0.395588
C1IRHN1R,0.31328228
C1ZE9FXC,0.25589734
C228FU8B,0.27699172
C299NP1T,0.69997996
C2Z16BRR,-0.00836844
C30IZ1V5,0.73172194
C3HGPXKK,0.26601636
C46QVSLX,0.519933
C47U650I,0.1438685
C4FPTUH2,0.043159313
C4PULPEC,0.82045865
C4QK9T60,0.8147326
C4V3W9YI,0.89065254
C4YDHEIY,0.08769211
C61TBMN3,0.4875988
C6BJDK5G,0.23232344
C6NVP1RT,0.35352927
C6SA3BCX,0.34150332
C6T39T8I,0.32196978
C6ZKTL59,0.44280714
C75UTNFG,0.18728116
C7I42WHW,0.20635624
C7JD348H,0.54873174
C7QDJKZK,0.2016006
C81ERMX4,0.14857341
C83HP3HO,0.46696776
C859X85T,0.3338323
C85DF71N,0.7787841
C878LNUP,0.41877535
C89PDYBC,0.5505197
C8BCDYX1,0.3594992
C8CS96CG,0.36416805
C8SBGC5E,0.24648187
C95M8Z5Q,0.35457775
C97HLZIO,0.56944704
C9QNPEYU,0.59019524
CAJA5U9J,0.8422953
CAWLUUBJ,0.45719928
CB54ZSK3,0.95708907
CB5EP8JO,0.6845492
CBLTKAXX,0.35457775
CBVABJ60,0.3246726
CC6ZIK7L,0.41653505
CCLEFVNU,0.48968306
CCTYPL5Q,-0.031354297
CD03OHC8,0.09947576
CDQOKR51,0.31907552
CDSE2298,0.10003733
CE2IR07V,0.63777864
CE9B49IR,0.47939175
CEAN8JYY,-0.4830204
CEBWWV7Z,0.33885208
CEKV0V78,0.8957859
CEO2FJ0E,0.6079904
CEU51A75,0.261176
CFC02V0Z,0.27118853
CFE3PL2M,0.7605497
CFG14M4Z,-0.10657707
CFYQZK9L,0.64792746
CG1RJNOZ,0.043159313
CG2L4BF6,0.40363505
CG2W9W41,-0.21125321
CG2ZQH5L,0.24647921
CG3I06NC,0.30184993
CGHIGUZT,0.35230446
CGK1HOPH,0.79285294
CGLNSFMT,0.12583852
CGNE5NM9,0.23232344
CGQQ29H9,0.18305154
CGU3MEYG,0.23232344
CGX8H4SM,-0.09909956
CHDBU27V,0.1642114
CHLBMU0S,0.34654242
CHPXG1UM,0.55965686
CHZ6O7ML,0.45133165
CI6IRUOW,0.08335875
CIHBEWPL,0.23369695
CIM6V18E,-0.84476537
CJB6SN1Q,0.36802328
CJQTGLVU,0.44230807
CK8ZGQI9,0.4506696
CLBSJ4OE,0.8699294
CLI1H3O8,0.1438685
CLSMLIEG,0.2631534
CM8NXDKA,0.36802328
CMKDBYOA,0.15728194
CMT75TYY,0.43131408
CN604536,0.19089442
CNCGM7L4,0.18615659
CNR7Z4A0,-0.34534264
CNS80WN3,0.65857464
CNUTL8US,0.59805167
CO7TZAMT,0.3102812
COC0A5DD,0.7026912
COCGHLJI,0.44010356
COOM4K1B,0.7376001
COP7ZRGJ,0.04395128
COPTF75L,0.18191022
COWJYMLI,0.6319437
CP30X5EN,0.41814435
CP3CBGRE,0.32103434
CPCXDMH6,0.35457775
CPECDIRZ,0.282705
CPJLSDF7,0.30511343
CPNU3KGI,0.83000016
CPXRKN8I,0.18700178
CQETRMTW,0.10797966
CQLTOY0T,0.8797699
CQN6GIV3,0.09092314
CQQTU623,0.2824795
CRKN2TE1,0.39825404
CRNT4SEU,0.1556649
CS16VLIO,0.5807621
CS8V7JNY,-0.06632214
CSEJ5GDI,0.08945723
CSSAD6N2,0.38585863
CSVNGUAV,0.6298292
CT2PJ7IX,0.35457775
CTAV82DS,0.38813224
CUEB0S01,0.6082356
CUOZI0BW,0.5231838
CV38Y0GF,0.41280672
CV6WSQKG,-0.7711013
CVL628K5,0.6962653
CVSK6Z4A,0.26200408
CW00JMBN,0.39078373
CW79VH9K,0.4484578
CWD1ADPD,0.56292915
CX3Z88B2,0.6028303
CXGKK8CA,0.43870744
CXTW3ORK,0.40382022
CYEC7EV7,0.43621355
CYL7ZGIW,0.19089442
CYN6ZAP9,0.39825404
CYY97ALW,0.5101319
CZEDQ5N5,0.46254802
CZGWUKUO,0.280872
CZL870RI,0.4483542
CZP0YJ1Z,0.1131343
CZRDZAJY,0.57659185
D036Q4KF,0.5417473
D03SMBZL,0.65114534
D07CD0BB,0.21979302
D1D2JH3Z,-0.087666556
D1ILXHV7,0.25409418
D1V4W5RK,0.39095548
D20L6DYX,-0.06330125
D2EDAPT9,0.3089914
D2L5KZ04,0.23837537
D37BQQ54,0.28007442
D3Q07LQV,-0.39714235
D3T62AP2,0.10797966
D40TZFC6,-0.8600716
D44ZA7NR,0.3815651
D46AO2FG,0.25879964
D4DQY8ZB,0.0014947639
D4E3WO5T,0.31298015
D4SDHXXI,-0.29602084
D51V4NB1,0.045326494
D53JRGXW,0.36599824
D586K4FG,0.08329563
D664EG48,-0.20740865
D6F5JHT8,0.25399667
D6K7OL14,0.25409418
D7412ZZP,0.24231103
D76BUGUP,0.4021778
D76LRBCW,0.11884591
D76TV41L,0.4570843
D79QE2JB,0.23232344
D7ORJK94,0.19089442
D7XGTL3V,0.11503241
D83WTNOH,0.40543002
D8HQ4I35,0.31823725
D984JALI,0.94018525
D9DHA76D,0.5195774
D9EN2KAQ,0.39478534
D9PGX44X,0.38683355
D9SZ8RJN,0.3387122
D9UQTS1H,0.34654242
D9ZRROQA,0.41689
DA2OR4SI,0.1438685
DA7YDV36,0.4040648
DAA38SNS,0.71357524
DAFOY58P,0.9529883
DAUZY6MI,0.1003611
DBD2QNQB,0.5354718
DBZYXYHR,0.28107336
DCBXUUBT,1.0
DCLFJE6H,0.095837906
DCW8DFB5,0.836815
DD2MIHK3,0.37167478
DD3VNKCA,0.22747214
DDJVXXZ9,-0.81983125
DDOY32KL,0.27118874
DDXS8F4T,0.39225262
DEC73HX3,0.74789166
DEGLGPQ9,0.59657115
DF4UPA12,0.095837906
DFGE9CSJ,0.55002844
DH6GOI1S,0.53699195
DHAMZJ58,0.3178112
DHGHBTUT,0.92653966
DI1S6UP4,0.6902726
DI4W2R6F,0.46239793
DI7DIWYM,0.62341964
DI971IR9,0.8315327
DIB39UCV,0.10797966
DIJBW3YH,0.21167107
DJ289Y93,1.0
DJL5M5FD,0.24345273
DK3SVI9B,0.70273787
DK4HURHV,0.11503241
DKBOGA2T,-0.21341339
DKHBFQWE,0.31273293
DKWSJ3UQ,0.35371065
DLC6SSQS,0.33631015
DLC87KV4,0.44064248
DLIB10ET,0.25257084
DLPO4GWH,0.40284714
DLV43QPK,0.39452943
DME0EB36,0.046560165
DMIG8029,0.59144574
DMOBMASL,0.20978355
DMTTUP4M,0.31261772
DN0G6M3Z,0.61966485
DN7SKDBZ,0.5189271
DNXYC0BR,0.20493546
DO4Y9TFM,0.2890163
DOQKE1LH,0.4100712
DP82H0HV,0.6798483
DPAG0AJV,0.13749859
DPET06HG,0.23232344
DPTBVVF7,0.4443864
DQ02CPJD,0.32825145
DQNEQSBA,0.43935066
DQSISV4J,0.20240206
DQSS7PB7,0.18195786
DR63XM8U,0.6691145
DRNROE5W,0.7983716
DRZ6EFI6,0.3265943
DS626OGN,0.51784235
DSFKAPIQ,0.19648448
DSYOEX4Z,0.49064845
DTEZHTSH,0.20029984
DTKHQC05,0.7364206
DTNYR613,0.06327945
DTST1JDY,0.60655636
DUFY5FJH,0.7235662
DUHG09Q6,0.27344817
DUKJ2WWZ,0.44745073
DUSKXOAZ,0.5227513
DUT464DK,0.16490638
DUU37K0X,0.22894505
DUUKTILA,0.5830345
DVAVFME1,0.30623704
DVC46J8F,0.25252756
DVVX18W0,0.29202542
DW6ILXAA,0.95270175
DWDOL54I,0.1642114
DWHUSMJN,0.36333367
DWMT3CWK,0.14081885
DWPYUSLL,0.11503241
DWVOM3EP,0.67516315
DX0DL83P,0.7309222
DXWPSQY5,0.5234919
DYA9XE9T,0.24771348
DYDLEAK2,0.4335888
DYEJV9D9,0.18799908
DYHMM8FE,0.09894475
DYIY51F6,0.2466232
DZ4FZD1Z,0.24886897
DZ4GAUDJ,0.07553916
DZHTUWX0,0.3902187
Dr. JAMES SHANNON,0.35457775
E0GRUEO2,0.5060584
E0JU5WEF,0.12789936
E1DH0BH8,0.19089442
E1MTNO8G,0.6638685
E1NIH2LT,0.5413598
E1NS5U65,0.16851434
E1PHGLFI,0.42977598
E1SCV5V1,0.30511343
E1YABLYT,0.14672509
E2PWEFCJ,0.43184847
E2TY8O08,0.41224766
E307WQ6B,0.400919
E3SP6CT7,0.55916595
E3UWMUUA,0.42113146
E4DTIBCY,0.22008409
E4GDOHUD,0.4358909
E4SI7BSC,0.55361956
E55BTB44,0.05291518
E55CZND3,0.35457775
E59PQHRC,0.7205482
E5ABZE2B,0.673284
E5ILG5M2,0.33256578
E6A5F2EK,0.3207295
E6Z0DZCK,0.7884733
E7ERXLBH,0.053159133
E7XTMSXK,0.7543353
E8573DV7,0.6762467
E9A16MYK,0.23232344
E9XF8SU9,0.42546156
EAJ0YICR,0.47100675
EAZ32RDK,0.44899115
EB2E4NZ7,0.7420031
EB7ML9LB,0.20354453
EB8TMR0U,0.2944321
EBLPGCZ9,0.74870944
EBMQ2LOT,0.3184022
EBUPSKA3,0.25409418
EC0U5QZF,0.30424753
EC2CRX49,0.2974071
EC4A3BG1,0.30511343
EC7WEP94,0.7853419
ECCQ54GQ,0.7634473
ECHA4DJ9,0.76071334
ECJ6PISV,-0.16530155
ECTC5AEJ,0.34281936
EDKVKXAU,0.13444205
EDRLD6I2,0.5515298
EDTKWEY4,-0.06371674
EDTNZ12K,0.35457775
EDZT4DV5,0.27030513
EE4Z5185,0.095837906
EE6T837H,0.58184475
EETTZK0I,0.24546893
EFGF2V8G,0.3786603
EFRL5MU0,0.2445419
EG07X27E,-0.05902506
EG8YEXTU,0.81124204
EGG8Z0TG,0.39825404
EGYGGA7T,0.48241544
EH392MU9,0.8660192
EHXAVMB6,0.67294407
EIEQVZ5X,0.3193754
EIYBAX9R,0.38067085
EJ7LG2VC,0.26001316
EJJN2WY2,0.49263027
EJMKIEKR,0.34878972
EJPFCNN3,0.51418173
EJSRIWPZ,0.32547858
EJY05XPG,0.10791415
EK10PB25,0.16490638
EK3ALMAI,0.40202844
EK5Y7ELJ,0.34819707
EK6LT2QV,0.04609197
EK9K56OZ,0.28459305
EKVBZI1L,0.1749391
EL0LIWOV,0.32614186
ELQHY633,0.4021778
ELRNDWX3,0.41814435
ELUI7TBO,0.36398682
EMFYSXPN,0.28230932
EMSUYELM,0.36970466
EN97JFDC,0.69308054
ENEGCBS8,0.26949576
ENQSOLE5,0.49090198
EO8PR7CZ,0.30321902
EOADLUYB,0.46162438
EOK9VW8H,0.28107336
EOZ4UBNV,0.12713996
EP15TLRW,0.5954362
EPP7CHV5,0.4929614
EPUTD59E,0.413786
EQ3WHHVY,0.09717238
EQ4FJ4S2,0.5038008
EQBE4DGR,0.4395213
EQJ0QRIY,0.23632944
EQKQVXLA,-0.0146150105
EQT2836T,0.23232344
ER3DZ12N,0.17195912
ER51M3PN,0.31641755
ER6P0JZZ,0.5413278
ERCN64RK,0.95845735
ERQNXY1N,0.2974071
ES88F6IJ,0.34819707
ES9XN5GU,0.30633035
ESCK4EI4,0.08295702
ESMS5INL,0.677294
ESYMLARB,0.2633318
ESYRPAFY,0.38683355
ETBLRBUS,0.25438663
ETD4F6R5,0.05116149
ETJ9VH9U,0.80127054
ETM5U0YR,0.527304
ETNVAIC9,0.41376302
ETR43VX1,-0.3504498
ETSMAJ3D,0.8880934
ETYBQ3S6,0.280872
EUALANQB,0.28406048
EV8ZRA0W,0.47116473
EVBQO10J,0.44855922
EVFBMPB0,0.39729875
EVV9PD81,0.2060535
EW6KEC7D,0.26530755
EW95LOMC,0.34417722
EWVD0JGN,0.10797966
EX1ATQGB,0.23232344
EX4PXYK5,0.3593841
EYF1LF6J,0.8865182
EYSQ87Z4,0.07420289
EZ7RJD6Q,0.37023008
EZA15KZA,0.5624622
EZEZD6VL,0.11503241
EZHW19KP,0.68056124
EZK6AZSX,0.35682505
EZM21OLT,0.47144946
EZYT6Z41,0.16290706
EZYZ41YK,0.3586241
F09RA1XW,0.50025624
F0EL5UOQ,0.24158603
F0P0ZO66,0.35961756
F0TINEDO,0.5019429
F13OBIMF,-0.30984238
F19UZ54J,0.35457775
F1LZEK58,0.37558854
F1O8HIW3,0.1131343
F1SRAJ95,0.4170831
F1THQUUF,0.3402536
F2443EYO,0.50738645
F247M7IA,0.2959228
F290INY4,0.8439379
F2M5796C,-0.19279188
F2ZT0NJJ,0.22871912
F398M2P5,0.23232344
F3O79UGT,0.18147434
F3RWM7KO,0.89979947
F4AG7ASC,0.82613057
F4WUTYVR,0.31425935
F52R3JTH,0.47173113
F55KJ8Y2,0.3616426
F58FHZDS,0.57730705
F5E0L6R0,0.440076
F5I5PCTC,0.10797966
F5K3ELGG,0.7861512
F5LK0C8Q,0.60889935
F66TKG4Q,0.039101075
F6BQM770,0.28107336
F6IK14CZ,0.6645623
F6O58XB4,0.6418193
F7REVCDV,-0.09412217
F7ZOOMGR,-0.20338118
F856TTAP,0.6831219
F8BCNW2B,0.8699951
F8CLZLY1,0.30424753
F8DTCWIP,0.2714113
F8FXEB46,0.11024149
F8X28O0B,0.22736928
F8Z3GIS4,0.1438685
F99NH30T,0.21314862
F9DXZUW0,0.63753
F9KMLDNX,0.7887773
F9N9OQH7,0.06338385
F9QGHTNK,0.15586202
F9RBVN00,0.61159223
F9YI608K,0.104646385
FAQO029H,0.085126586
FB2TECGY,0.2016006
FBITB56E,0.42600334
FBXF0T0V,1.0
FBYECAVJ,0.48383552
FCU3MU6U,0.25257084
FCU9W7QZ,0.6630413
FDKCHZZL,0.2106108
FDW0FG2V,0.3830026
FEGUJDYQ,0.81042606
FEPNYBAX,-0.0035048858
FF786H6G,0.40919453
FFC7G9SA,0.64990026
FFQE0W9O,0.30755064
FFYYMCYY,0.34654242
FG5WYZQX,0.7169686
FG9OCRSM,0.31261772
FGEAI0B3,0.8737553
FGPRRQCP,0.5192534
FGQZ2D8Y,0.8638603
FGV1I892,0.28188375
FH0D5KVN,0.36599824
FHMQ4JWF,0.19906197
FHWDS5OA,0.35457775
FINK57PD,0.19089442
FJ1E6X4G,0.31443033
FJVMJZNI,0.30424753
FJWP431B,0.5973323
FK15FK6W,0.13256107
FKAZUL8E,0.5828275
FKEZ984A,0.23107801
FL5RPMJK,0.16530982
FLZ9EUHU,0.13089637
FMBEPMM0,0.58524704
FMD7DOFT,0.46115005
FMH9VA3C,0.085795805
FN1AO5AX,0.3270976
FNKFFOI2,0.52953875
FNTGTN8M,-0.4419925
FNTKAQPG,0.56387335
FNTZNR31,0.33581507
FNWHWUDD,-0.5786436
FOC8CRDA,0.34654242
FOMQX94Z,-0.10587075
FOVT57F5,0.34819707
FP45BPZH,0.37839943
FP77BWTK,0.7132689
FPA6PKHR,0.40823087
FPAMRTWD,0.64274585
FPSW9743,0.21778561
FPU57H4J,0.30965695
FPZWRFKK,0.30511343
FQ1IF5C2,0.6246982
FQ4EG3UT,0.36416805
FQ6TB98P,0.6149992
FQ8XN6IE,0.7444138
FQXVL76X,0.65973973
FQZ0H6NF,0.27228937
FRCCDP6J,0.020996245
FSCJTCPI,0.35021225
FTM485HD,0.03432155
FTWTSIZG,0.25958875
FTWVVBT4,0.3962904
FUBVTNR1,0.27303803
FUHRHS9B,0.52041906
FUIIBUX8,0.4808601
FUMY68LM,0.85072476
FUOJSDLS,0.9019001
FURS74ET,0.43376052
FUVYENHS,0.3544074
FVSR692G,0.23035249
FVVMKAI4,0.5054321
FW0ZE3CA,0.27298564
FW9CVKXU,0.055034325
FWCZF04P,0.46588507
FWN9G3WT,0.31314877
FX33OB5K,0.19668925
FX46MH19,-0.089497596
FXIAG3SS,0.53506976
FXKYV1GM,0.17439595
FXYJCYL8,0.14770783
FXZKS9O0,0.58981705
FY1Z5Q1V,0.33818114
FY5FJAJF,0.20002739
FYY5PVTA,0.13482416
FYYML25S,-0.16762653
FZDXZ7SY,0.34086114
FZLDUOMO,0.3166428
FZRVTVKJ,0.9343757
FZZGGCR5,0.56092703
G013ZVRW,0.14839064
G0PKCNBK,-0.037804622
G0VSFANS,0.024245597
G179TUSN,0.5189319
G1AASNXN,0.35457775
G1CMH2X4,0.37801817
G1H1D0FX,0.5340916
G1KOL097,0.2826346
G1WX4DDO,0.7721012
G24TL61D,0.3433586
G2BXV6E4,0.30424753
G36RYIZ1,0.3111674
G39FXY36,0.21582006
G3OHQC7L,0.25859785
G3PAD3UM,0.41702652
G3PTYEJO,0.28049096
G41A2SAK,0.25409418
G4BZPMZ9,0.3625343
G4H2OCL9,0.7113994
G4LMG2NE,0.2177949
G4TYO7UB,0.84195924
G4Y62JH9,0.79631823
G56C48CO,0.2617774
G59UVF28,0.25274196
G5JTAYGK,0.8028215
G5KHXBQT,0.026269682
G671MMNA,0.19828495
G69CE0H9,0.29251614
G6JAARAO,0.3522959
G70TGOWL,0.48719102
G713TUY8,0.21809557
G7AFBJO4,0.27945337
G7FZRQAI,0.89703375
G7OTFLDC,0.45658532
G7VBAZVJ,-0.086864695
G8FYBCA7,-0.28602427
G8OCU2CO,0.4685134
G8OEVWRQ,0.31374016
G8W5DTGM,0.44077873
G8ZSRIVK,0.36416805
G91NJ2CZ,0.25544974
G927MPBE,1.0
G95JLPJ8,0.18089038
G9DQ8SJU,0.29630136
G9M790IW,0.8051969
GA2GUHTJ,0.468515
GADCQV3T,-0.01873243
GAL35EAR,0.21367927
GANYR94E,0.2919345
GB9MF9CH,0.39009959
GBDRLD55,0.35457775
GBJOBXQW,0.13482416
GBXXQ98B,0.2631534
GCEL7H63,0.23232344
GCHBUGD5,0.095837906
GCMYGIQT,0.36956376
GCVK6O6E,0.34654242
GD4QCOU8,0.2106108
GDDFV6J7,0.3637887
GDFUIONE,0.6992504
GDUTYNOU,0.28362703
GDZ5UPY7,0.7584949
GE3XVL73,0.5250728
GE7HW6SA,0.09092314
GEJ26BYT,0.64003366
GEKJTZSX,0.31661892
GF729D8F,0.06634193
GF7TILYS,0.6935391
GFC3HRE5,0.23232344
GFIQ0R6L,0.20865569
GG0IB63H,0.24444883
GG44GMHZ,0.4968668
GGEKAXY8,0.30511343
GGFOGCD1,0.3384641
GHHTP54D,0.16631036
GHIE2PE9,0.21373896
GHSD8X13,0.19165269
GHW2LSNN,0.27991217
GHWXJOA0,0.82519525
GI1QUFGF,0.44758967
GI3BVULR,0.3392418
GI6BF37V,0.13088614
GI9CIVYY,0.11503241
GIH2SICH,0.15881908
GJE6ERJE,0.2256772
GJU35JC1,0.35448328
GK46QE7C,0.23879938
GK8MCP80,0.32346088
GK9T3AXE,0.0775911
GKR5SWMA,-0.4073028
GKSOI479,0.35457775
GLNFU9N2,0.9460626
GLPHQDMD,0.31425935
GLUGWIYL,0.252728
GLWKBB85,0.74533576
GMH4MNYU,0.7265149
GMWRCU8I,0.80380225
GN1S77F5,0.9242129
GNBOTC23,0.28318387
GNEDBTOC,0.5042645
GNKAMOII,0.4580244
GNL5WQ3Y,0.6062924
GNTC4VIQ,0.46237513
GOWT03XT,0.65819854
GP7EFTB5,0.11503241
GPCNBN4T,0.60783374
GPD5JYP8,0.75421107
GPG154ZL,0.84436697
GPGIC4YN,0.30511343
GPGVW8KX,0.62341964
GPOBN9LP,0.4007391
GPSKQWIU,0.30424753
GQ89V5C3,0.043766826
GQM8QQPZ,0.1438685
GQSCROVZ,0.65556693
GR37IZFA,0.08945723
GRKU0LYL,0.26200408
GRLDRFSU,0.9001479
GRQUOUPF,0.43254247
GRRE7UVA,0.35778737
GS6DKKP5,0.32812908
GSCEW1Q8,0.2974071
GSD2H69B,0.4591507
GSEV4CEM,0.08945723
GSEZPBNE,0.84957254
GSKIFGSL,0.36074883
GSTU11AI,0.10797966
GT1OC86M,0.4057685
GT7E75OA,0.23232344
GTER9LM9,0.8544946
GTTJWA2Q,0.60425895
GU08J8U6,0.6927038
GU5XUIME,0.1971143
GUDEHB95,0.498656
GULVEZ1F,-0.6599531
GV4J6077,0.5952422
GVDKFNN8,0.79058206
GVDNNXIR,0.4619018
GVLWW7ZB,0.28107336
GVSMHIGI,0.81854033
GWRH6FD9,0.7113994
GX228KF5,0.569589
GX9SNE69,0.795414
GXA7A3ZI,0.5461168
GXEMGP0F,0.19754732
GXLUS15C,0.25133753
GXRCDC7Z,0.13089637
GXSDPM2J,0.08295702
GXVIQ8CU,0.63589376
GZ2AC4L2,0.35457775
GZ5H5DPX,0.3902187
GZUEIOWV,0.20252284
GZWH0IHL,0.41312584
H0LGVE5C,0.42036688
H0UHL0KP,0.10797966
H1DUERSG,0.23232344
H1R4XS71,0.9217774
H25E3G9P,0.3222053
H2ACXEEW,0.1438685
H2KFHID9,0.27187508
H2MA7A1N,0.3777692
H2MLQQ7U,0.32137004
H2MZD27F,0.38683355
H2N1VTT9,0.37496376
H2N9C7II,0.7257568
H2TRLWLH,0.31905505
H3DHHEDJ,0.7341759
H3G2GEJF,0.091709934
H3U22LBP,0.6029341
H3WE0UZ5,0.30391788
H45HFST6,0.55774796
H4B3W6EV,0.29888925
H4I279KO,0.3799453
H4V8RIVH,0.34267968
H4XDALHJ,0.10797966
H4Y829R9,0.14202231
H4YU15YE,0.36416805
H51K0IG4,0.5154898
H583DDM1,0.29705164
H5RRV6TJ,0.1673883
H5X2VSDP,0.076147944
H60VPS5R,0.6628059
H6BPUADP,0.17386913
H6CEA38V,0.3728193
H6GNXZL3,0.35457775
H6PCIWOF,0.45902056
H6YAAY0L,0.5836809
H7AI7RWE,0.28146073
H86MTFLL,0.6977774
H8MF1LXL,0.25409418
H8PNUPOA,0.6638685
H967JB3T,0.34654242
H970SF96,0.34819707
H9H0FG4H,0.37152407
H9V3GG4N,0.32296163
HA1LJ56Z,0.39967793
HA9OED1C,0.4520582
HADJX3M4,-0.10167204
HAZEDXJ5,0.30511343
HC21RJGA,0.044396687
HC8CJQPT,0.23232344
HCFEN1L4,0.24856113
HCLWW8SX,0.384258
HCSQ09E2,0.2974071
HD5X7H39,0.1438685
HD9PJQ1U,0.8579268
HDOJ8MPZ,0.35457775
HDQ3RGFW,0.69246006
HDRPXK63,0.18069257
HE5TSC9C,0.2631534
HEAG7HXM,0.38334027
HEFAUISQ,0.35791436
HEP9TB6D,0.1438685
HF30N28O,0.37959898
HF69YJI4,0.64732116
HFALKNUP,0.29871777
HFKDIABV,0.922998
HFO4K8IK,0.29655454
HFVK7D28,0.41306454
HG70P7WP,0.31314877
HG8OFOEV,0.22193204
HGK0HTVQ,0.36442235
HGNSRDJ7,0.3022949
HHPUV2WT,0.25597805
HHXHDK0N,0.4273902
HI6QXLT7,0.568358
HI90GA0M,0.11312295
HIX2DWOH,0.21124269
HJ9NPRVJ,0.55192053
HJBBWAYV,1.0
HJDJ2J87,-0.62667084
HJDKN2YE,0.52045906
HJHWX3TI,0.3727916
HJP7YQ6P,0.30511343
HJRFVFJ5,0.45506948
HKHOSL9D,0.12468092
HKI5M9JI,0.10014674
HKP73GRQ,0.4759941
HKPRNWEJ,0.63577706
HKW4FIFL,0.08945723
HLAS97C1,-0.50812256
HLFIRZ4E,0.1184839
HLIQJUYV,0.52575666
HLOMGI66,0.15092126
HLTV1MFG,0.26281855
HLVAM2JJ,0.49792528
HM081Y7L,0.6771189
HMAHIKRO,0.34819707
HMTNTQWR,0.5221236
HN6LR7QV,0.916932
HN9UX47Z,0.1131343
HN9ZIK5N,0.3540163
HNJQN4JQ,0.31821588
HNKR2B9Y,0.76164633
HNLFZK9N,0.4777898
HNSDSTSO,0.49569938
HNSF9DNK,0.6963572
HNWZ4T6Z,0.3952982
HON40QKU,0.08945723
HOQPB9P5,0.17421262
HOTO69JY,0.3265943
HOV3JKEW,0.86195016
HOWFA2LR,0.8924584
HPB0B7Z0,0.76625973
HPMPTS2L,0.31798974
HPZ326BG,-0.47047105
HQBZSNGC,0.5919317
HQU4QQHK,0.6896401
HRHWET4B,0.15801391
HRI6G8RR,0.2975709
HRZ2VRTZ,0.41176367
HS1MONBW,0.40936837
HS6IYPSB,0.48591682
HSAAACYY,0.30511343
HSDGTMLM,0.2890163
HSGYXDL8,0.5809399
HSV70MNB,0.4594666
HSWJZU31,0.638919
HT2HM1VT,0.25561088
HT3LAD1G,0.5175174
HTSR0QXU,0.25539643
HTTEJKUC,0.37496376
HTXM0NYS,0.35230446
HTZGD9RP,0.30511343
HUZ43M8L,0.8260306
HV1JRA0C,0.41810337
HV2YRV2A,0.41355073
HV6GMH4X,0.35457775
HVM8M01H,0.76625973
HVMNRS32,0.9079064
HVQJOXX8,0.52041906
HW1QZLW2,0.23929685
HW5WWP1L,0.5202754
HWDXFRG1,0.088732824
HWIGCYS6,0.55944437
HWJOIMMN,-0.36035776
HWMP12BO,-0.16637447
HWVZTAID,0.11637923
HX6UTURW,0.2357071
HXE7QQKA,-0.20234236
HXGKMCFK,0.23217289
HXLRACYV,0.08294606
HXURNGW5,0.30424753
HXVMWIU7,-0.99262446
HXY2FGK8,0.6439742
HY2FYONQ,0.7011319
HY2JG54L,0.3089207
HY45PJWI,0.35457775
HY6CWTQC,0.015202714
HZ26YGZT,0.31833518
HZ5OBICH,0.31314877
HZRNXCHG,0.7399859
I08DO8G4,0.6645622
I0JPCVPL,0.13089637
I0NIR0P4,0.26486123
I0RX4QPI,0.7606147
I0UHRIQ2,0.16693169
I0WA8XY6,0.1131343
I1RYVX2F,0.47941363
I236CRBW,0.4137804
I27QR9DF,0.6764386
I2OPIATT,0.30829597
I36522XL,0.6249405
I3CPGCWF,0.15092126
I61I1BH4,0.67083544
I6A06NHG,0.35778737
I6CCN8LZ,0.52821165
I6FQORWU,0.22822943
I6L5YH32,0.33550847
I6LEIJO9,0.38482186
I6RCTNPF,0.095837906
I6XQXH7B,0.33107784
I7HCL8NX,0.5288447
I7IJKRH7,0.34086114
I7QY37P6,-0.18731724
I7TPKL2K,0.16490638
I868Y15U,0.4527489
I8PIZK09,0.13369839
I90JOC64,0.1131343
I92DFRSK,0.34587592
I92E3401,0.38988504
I9BP6B7X,0.5154898
I9FSICRM,0.5285128
I9IY350J,0.35457775
I9RSWSQC,0.27030513
I9RVFRB5,0.30424753
IA54LI5J,0.53657883
IABE0W8Y,0.35893768
IADZ24L1,0.73682517
IAFFEYKK,0.7368827
IAR93DLV,0.41564596
IAUHF1D1,0.7420031
IB35HDGU,0.5532762
IBBF0B5Z,0.60500413
IC6BLZF0,0.28121784
IC8U7S4H,0.099482715
ICA3W7RF,0.73919636
IDV50M9C,-0.051149517
IE1VCYRU,0.26490998
IE473CFX,0.18191022
IE5Z3OWJ,0.4452327
IE9BYICZ,0.36278337
IEFP57RT,0.48396504
IEOE7AL0,0.4659738
IEVEZU5W,0.1131343
IEVPB2Z5,0.61386865
IFIARYSM,0.7209703
IFIN0QAG,0.8256189
IFO48VOO,0.26973835
IFQKOR85,0.28725266
IG0IEBH6,0.17419687
IGWLIRE7,0.3111674
IGZIYGDL,0.46894056
IH2IUS9A,0.43349048
IH8KRUQA,0.5558259
IH9DQS1F,0.095837906
IHA1AD23,0.8394552
IHHDRNBJ,-0.64548117
II114I3R,-0.07376098
II69E4RK,0.32726815
II9IPK8S,0.76095366
IIHUVYEK,0.0030191806
IIODVH5R,0.5006384
IIQDL3LB,0.10035191
IJV7IJ0Q,0.40786695
IKIJE1TN,0.40297037
IKINJYIL,0.08945723
IKLR54JC,0.3459342
IKN3L02P,0.6261151
IKOKLGB9,0.30424753
IL0J6CNW,0.26973835
ILOOI0TO,0.23232344
ILUGJCWC,0.7644564
ILXAOXOO,0.8235884
IM3RZ1WQ,0.22633208
IM4F9QYX,0.637627
IMOO0BL1,0.54655015
INIMNAZC,0.35257703
INM24VCA,0.48608753
IOB8FVB9,0.6624286
IP85P5J7,0.65973973
IPRX8HBO,0.3615414
IPVKGN4B,0.82038504
IQ2DAOKF,0.30424753
IR764VVQ,0.7780272
IRJK656V,0.798219
IROD47AX,0.23232344
IRTQ7920,0.23028597
IS5B6I0N,0.32824394
ISOO8EER,0.6016832
ISS4DGTO,0.6122122
IT1DY9VQ,0.26244918
IT6KM141,0.10797966
ITC3G5AQ,0.055034325
ITYOWVUJ,0.8111328
IU3K3Y9Z,0.33322945
IU5HH940,0.33148122
IUCQIEX2,0.8336148
IUO4Z3RX,0.48800984
IV27648Q,0.77814096
IVKL4NZ0,0.23619866
IVOPNL64,0.7638147
IVW338IK,0.39255944
IW2RGO5J,0.26281855
IW4D49I4,0.39126706
IWA3FU69,0.21552041
IWBYLFHS,0.62050796
IWG301Z0,0.41224766
IWLGYWRK,-0.23325448
IWOLGAUO,0.7390652
IX0XXFC8,0.86460114
IX670P71,0.35682505
IXDNKMUN,0.14574756
IXI0NBPC,0.35778737
IY3WCYRE,-0.4231712
IYDV8EVT,0.10797966
IYSX9FMY,0.4488218
IYSYIV2B,0.4142969
IZ7YWLJO,-0.008258626
IZCIGIUP,0.62990075
IZTMDGX5,0.48732528
J05ZM4CI,0.2547544
J0MM9XWC,0.585135
J0P1ZWIM,0.47099334
J0YLIMZO,0.23693234
J19VIGBP,0.33632028
J1E3QXKJ,0.87012875
J1QKIJPW,0.36247033
J1SAUVBC,0.26973835
J1U8ASCC,-0.8101126
J2UWRBML,0.50577
J3504GX5,0.7789747
J36IZ34J,0.40885752
J3EH28JT,0.25409418
J3FTK1VW,1.0
J3RL1ZCI,0.109614484
J44SNXW3,0.34654242
J4HHAHVW,0.36764312
J4MGAT73,0.19089442
J4S0SYBQ,0.49561444
J4TJ1XDZ,0.087031774
J53XZXXE,0.8958864
J5ADAWLF,0.34654242
J5FG3XN0,0.13809553
J5JSOUZA,0.44472697
J5K6OL12,0.33885893
J6FQT6YZ,0.93643165
J6IFAS3F,-0.31268024
J6KCSKKH,0.38447702
J6P67LYE,0.36802328
J79601FF,0.780529
J7R719UI,0.8797699
J7ZOSDZZ,0.29630136
J87DE2SJ,0.15881908
J8H2SYGI,0.5590485
J8L6SQDM,0.22041301
J8LXKVRL,-0.78581995
J95TDT2B,0.48433304
J97OKD53,0.1131343
J9SOFBE1,0.29900244
JABBSACN,0.6528791
JAF58WBE,0.34790373
JAU4TE6L,0.56916076
JAUOJU9J,0.7422824
JAVZGX9S,0.49038213
JB1JEEIK,0.3332927
JBBSC28K,0.19668925
JBNB6K65,0.13226654
JBP0RFI8,0.35457775
JC23CRBA,0.29279187
JC6GRW4F,0.08398869
JC6PIWIP,0.23232344
JDHVEPOK,0.30424753
JDLMXCKF,0.2913433
JDQILGT4,0.40667686
JDQOKGPP,0.10797966
JDT7XYQM,0.6096868
JDTU1AHU,0.4590986
JE2B39W7,1.0
JF9J5YDP,0.5893239
JFA12WDV,0.3937536
JFF8E45P,0.4266294
JFLH26MV,0.60138535
JFVV7B6G,0.37632805
JG0EUM8A,0.58073115
JG5O5ZW8,0.76330286
JG63ZADK,0.08945723
JG9IKHFN,0.36552873
JGLOIW0V,0.7933423
JGTZKTK3,0.6085247
JGW7XK8G,0.018391179
JH8CGQQ9,0.61320955
JHRXFHFZ,0.41842386
JHTKGLMK,0.10797966
JHWAQWJL,0.44363877
JIIU1WBL,0.41164365
JIO7UTNW,0.79313
JIV45FWO,0.26281855
JIWNKVIX,0.36599824
JJ6HJHLF,0.53498805
JJ74AEJB,0.45918784
JJLBDQ1I,0.6198698
JJRFDTGM,0.53737146
JK3FW610,0.4299503
JK620VXQ,0.73484844
JKHOH1FO,0.5924233
JKK82ZOT,0.1131343
JL92HH96,0.71049815
JLL9110V,0.41106546
JLWSWPTZ,0.10797966
JM88HBKJ,0.5124184
JMBOCI7K,0.6320746
JMRI9D7D,0.087597094
JN4QRNZ5,0.5320776
JNA8KC5U,0.19598003
JNAPXQY3,0.2974071
JNG8R7HX,0.19516282
JNKSW9GJ,0.2663292
JNN30S62,0.1438685
JO49RS5C,0.45280373
JOBAT0IP,0.32375693
JOGWQTVA,0.7803751
JOJU4OMC,0.29624712
JONAMGQL,0.35981205
JOSARATY,0.28698573
JOTCWP3Y,0.17233473
JPT2J2QP,-0.33957422
JPZD9QZ3,0.19635119
JPZO40B5,0.35457775
JRNION1L,0.7088935
JRNL4JNK,0.4273902
JRR8JN5C,-0.36458126
JRS0DOP8,0.519933
JRVHMXFF,0.8597728
JS4JCHNP,0.52969825
JSXBU59V,0.7097201
JT8VAC7Z,0.38878828
JTDTE5Z0,0.3265943
JTP8ZEPB,0.4365626
JTPITCCE,0.15881908
JTVNBJKI,0.8192774
JUDZST95,0.59916717
JUOCEY5T,0.70556146
JUSSS7WB,0.9107645
JUU3XBUQ,0.2201067
JV3KXRGX,0.18743691
JV589LW4,0.5842193
JV70YCUO,0.58702546
JVE2UC2Z,0.30424753
JVQFTA5D,0.35130012
JW3NXLFO,0.3089914
JWU2QWPI,0.1438685
JX5FFYQR,0.3989678
JXC7V3H5,0.51223195
JXIDN4I6,0.5371174
JXLR6SJ1,0.11149604
JXU21G7X,0.7840795
JXZG01MR,0.37400234
JY04WTSG,0.18162298
JY7G1RTZ,0.29407948
JYH1773O,0.8192774
JYKMISSA,0.41650626
JYKT5IEZ,0.32498828
JYQANW5O,0.41224766
K01Z5CO1,0.9164871
K0N00EQQ,0.2974071
K0R0170A,0.7056531
K0S4WHK3,0.14188801
K0YK0SRJ,0.81182003
K193D7UH,0.39825404
K1AYJW31,0.042136952
K1JT42Y9,0.30736363
K1LPRQZ5,0.8154645
K1R21HB1,0.4108948
K1Z6IPR3,0.6083541
K22JLAT4,0.34654242
K2GPR0WL,0.369908
K2K90KPI,0.3180279
K2N78827,0.43930382
K2Q6RYUX,0.13089637
K3BQVYG7,0.23232344
K3OFEFDO,0.57018363
K3OUGOGV,0.2944321
K45ZV1YY,0.31256217
K4FNGP99,0.083654
K4KXO1ZV,0.26320332
K4OHNQEX,0.7467535
K4Q1BPWH,0.29925746
K50HC4ZQ,0.6175253
K5RKNI5N,0.24724065
K5RPD64I,1.0
K5SCHOOY,0.199951
K630IBYI,0.25409418
K65DT6Q7,0.5431188
K6S0J8JH,0.4162942
K6XJHF81,-0.050691426
K72XYJIH,0.39442804
K7A38DJK,0.08295702
K7ARNSPT,0.22245337
K7K2DBM8,0.40041837
K7MQNN4L,0.28461468
K7TYU59R,0.10797966
K7YI3UWS,0.7741208
K8COJOMH,-0.31583026
K8F29AYF,0.34654242
K8FACAY4,0.68759996
K8NLOD80,0.1974746
K9VXRJB8,0.15881908
KA6QIVKL,0.1438685
KABC3OWN,0.57400763
KAD1WPSL,0.040483836
KALO3JN1,0.11503241
KAOUVTNR,0.4136405
KAR36FDY,0.54998577
KBAZN4T4,0.41439086
KBEYW52R,0.379415
KBM05RDD,0.95216215
KBUFXW99,0.23766303
KC1IQ5A2,0.31314877
KCC0JDEZ,0.78812224
KCEQX47I,0.24474871
KCT9AV9I,0.16153947
KCXA1TYM,0.37090245
KDDD2Z9I,0.76184416
KDIWGQ64,0.34654242
KDL23SSF,0.7933423
KEJS0J7M,0.26276705
KEK2UFA9,0.85366064
KELDP8XQ,0.5774016
KEWB5QR0,0.39243814
KEZ9G630,0.4252092
KF4OPPPD,0.810955
KFB204SS,0.31903806
KFOITYU2,0.33043376
KG1Y5SHW,0.23232344
KG4VYIVE,0.51470846
KG507QNE,0.26281855
KGCTXH0Z,0.5068695
KH1O6RDL,0.11113917
KH1VLV49,0.26008046
KH9RXGI1,0.72892606
KHCYTUPD,0.37334567
KHR9IX05,0.43769303
KI132IAJ,0.21721455
KI1DOGTK,0.23232344
KIB1DGHX,0.17380735
KIF4QP33,0.27930045
KIONN7Q3,0.7923981
KIRP7W8P,-0.03752383
KJS7EH4C,0.4243295
KJUVERNO,0.36611274
KK3Q64XI,0.71137255
KKDE8S8B,0.43016854
KKUI6S9U,0.52773875
KKWSORWP,0.24160896
KKZS9C4U,0.50661385
KLFHWVMQ,0.18082951
KLK9IJ30,0.69226617
KLPW57K8,-0.1475695
KLT80ONI,0.5021556
KM38V0RF,0.5740063
KMBMDVUM,0.46907347
KMOV9OV7,-0.19014147
KMVPNSVM,0.30511343
KMWU6EM0,0.27455968
KMY0CFQD,0.016884439
KNI65L89,0.40154758
KNQC13QG,0.25299126
KO7736XF,0.2975709
KOA3PVHI,0.25409418
KOKLGE80,0.38683355
KP4OTYQ0,0.27850163
KP57KZCZ,0.29096714
KQ40JHGC,0.20493546
KQ7RAJXV,0.39870596
KQAOS8LN,0.47993082
KQI7PAD6,0.08945723
KQJU7BBY,0.70825773
KQNDFQ2G,0.6824039
KQNEH7DR,0.22894505
KQQLZ7EQ,0.27085075
KR0SOYX6,0.34790373
KRAP1QPF,0.26530755
KRB5KBG3,0.15865748
KRKTM7VR,-0.3136669
KRQR6LVX,0.61356115
KRT6WD0B,0.39825404
KS3TNPK4,0.35122862
KS8R2FON,0.33012035
KS8WDZZX,0.2890163
KS9KZ0S9,-0.037047822
KSCPLQ0S,0.50174046
KSH65WJH,0.26148745
KSINGSAB,0.2660764
KSK79R99,0.89057463
KSPEDGHR,0.23232344
KT6C5EVG,0.20029984
KTFARVT7,0.25597805
KTTN3JVZ,0.15881908
KU8BZKMC,0.2664365
KUI46A9R,0.70825773
KUWYGHDD,0.24957085
KV1GKD1W,0.22770956
KV4ZJAYV,0.15565602
KVENIRYE,0.40297037
KVWDCZZS,0.7861512
KW28RSIC,0.25118825
KW7Z8AIA,1.0
KWA0GTET,0.5187075
KWAS4H6J,0.6803023
KWNJ3AL8,0.7294896
KWTU7HJI,0.36811516
KX1FZJFG,0.4079183
KXCZIKP7,-0.16637447
KXHRQ2P6,0.23232344
KXKLJ1PS,0.4610612
KY0HD6M6,0.23579828
KYIQMDHW,0.44865027
KYLYH8XN,0.29835835
KYTI58NM,0.48580474
KZ58I8XU,0.23232344
KZ6IO8IV,0.39825404
KZFYBUK4,0.1438685
KZPBCRMC,0.16769882
KZRJ10Y0,0.8164947
KZSBYWK0,0.21947168
KZVB9PJ3,0.20983674
KZYEQN5U,0.08295702
L05Y9CF8,0.20357324
L0BMF8F5,0.39644462
L0JUTG0I,0.29279187
L0PTZYS7,0.19623992
L16UC15L,0.08945723
L1GMHDKS,0.38341177
L1OYNE0M,0.122981474
L1QRXHPC,0.48212436
L2RJ3OGX,0.64058644
L2SXR336,0.3737605
L3CPON2L,0.25409418
L3KCNH83,0.53699195
L3LH6162,0.22153574
L3RKT8MK,0.19687043
L41MWWYM,0.13089637
L431R2KN,-0.19763544
L49SRMYQ,-0.0063978736
L4K5SUMQ,0.49809125
L4OKLYNT,0.033655148
L4T5VV3A,0.3955296
L4XNM8ZA,0.095837906
L55S960G,0.08945723
L5GPL6WP,0.6778464
L5IL34O5,-0.13441731
L5OQXSBG,0.5220632
L611RVRH,0.30511343
L68KLXZQ,0.067159206
L6DUCE9D,0.08295702
L6PPA5J8,0.4344336
L71CCP36,0.4273902
L7JMQP7U,0.46559042
L7KL4Z32,0.40969384
L804XMIJ,0.74503
L90MF9A4,0.30436477
L90ZNC6J,-0.4099016
L99TQA8D,0.53630656
L9DU7F7Z,0.10797966
L9GPDOQM,0.047320683
L9U0S2UD,0.091709934
L9WV7MKH,0.40534565
L9XB14HR,0.39840218
LB5VP923,0.23766303
LBFN05NF,0.77088606
LBIK2NOR,0.59775645
LBXVOJCJ,0.70825773
LCD1YQ5V,0.24904646
LCLNBUK1,0.5420594
LCMVO0Y3,0.2668798
LCSLH342,0.39825404
LCXADEI9,0.26308173
LD9EJV6F,0.7267925
LDTZ3OSL,0.29430807
LE15BUFC,0.43854553
LE3ADFIG,0.08945723
LE4RMG1H,0.28566304
LER15U7C,0.6703658
LF38BUXJ,0.7389295
LF4ZFYIZ,1.0
LFB6L2V5,0.55335706
LFPW2YZO,0.40245202
LFSJWKHR,0.30424753
LGCOASXH,0.15110178
LGD4AI5P,0.7951319
LGHYOMJH,0.80267847
LGM5GU6U,0.657566
LGRDSRMI,0.6278048
LH12E09I,0.45495284
LHHE7FE6,0.38752604
LHV5FFNV,0.10797966
LIBIQF4P,0.095837906
LIBOJP3K,0.69826895
LICPT3Q2,0.35653526
LILFASBY,0.33550847
LIVJAXK0,0.23232344
LIWDQNEY,0.75421107
LJ5CE1KE,0.17494743
LJ7I1QNU,0.5711021
LJWK25VN,0.42790404
LJYW1NSL,0.36679098
LK5BE4FU,0.18894723
LL5GPG8Q,0.7884136
LLHN72E6,0.6566014
LLKOZTRV,0.9583827
LM4TNN6S,0.4249758
LMEN2POX,0.32732785
LMHVDB9Z,0.36970466
LMUB38MW,0.14704539
LMYM3P87,0.5246126
LN0Y4PXL,0.5371627
LN17VTT1,-0.12740436
LN36E7XE,-0.062949106
LNBDUG42,0.36416805
LNH0WJSV,0.5357408
LNNWTAQJ,0.6418003
LO3T7UJ6,0.49434808
LPAVYWMN,0.041618794
LPJIUL1O,0.73938113
LPUHL1B4,0.31954464
LQ8QLD0Q,-0.4810671
LQ95GH01,0.24917834
LQAZX3PM,0.75873584
LQG1280L,0.58073115
LQT4QNSB,0.33107784
LQW16TG4,0.6997079
LR2EZBIR,-0.12505263
LRAA4PWR,-0.31145957
LRBD540U,0.38395014
LRLJ9QC9,-0.81983125
LSEPPZ4O,0.02171484
LSH0LRLC,0.65318745
LSVB0JLQ,0.7120242
LSW4HSKU,0.32070014
LT56N6R6,-0.7103195
LTB2G93Z,0.9570042
LTRCIH3T,0.37036029
LUCKTA36,0.6490722
LUQVURVM,0.8838781
LV96RA8I,0.68406475
LVJJ35J7,0.50199884
LVNV2KB8,0.2835463
LVT0U0VW,0.6256476
LW5AH0K3,0.9431275
LWJHG2TM,0.5762072
LWL6I78Y,-0.44112134
LWUBQZP0,0.34819707
LWYAO9FV,0.23232344
LX05HJXL,0.3327042
LX1RVQAF,0.23232344
LY419RHX,0.52041906
LYA2GTAY,0.48805955
LYGR7MR0,0.04686885
LYPNPLH4,0.80380225
LYUNM5OE,0.5219831
LYXPRCOY,0.4589141
LZIY5JVH,0.40870348
LZLW9LD6,0.86720073
LZO0TC9A,-0.064292796
M14SBHB3,0.4479064
M190EDRS,0.19089442
M19P2EDM,0.23232344
M1A9S15F,0.26397938
M1EEEINL,0.37914535
M1LLR09N,0.14532743
M2FRXYA5,0.69795203
M2S0HPQV,0.67333645
M2U1ANI1,0.35462207
M2ZK8ZTS,0.12201309
M33NLUCN,0.6656188
M3JV6WNC,0.8874936
M3PPSZ9D,0.45002487
M4VKY62O,0.24810655
M4VST9KN,0.4469444
M55GQ5IC,0.34958705
M572SNX8,0.35457775
M5967R4Q,0.43719238
M5E02VGR,0.3786534
M5TIH74R,0.30049637
M5YVJ3BS,0.266968
M5Z4RK63,0.6161241
M6USCTH6,0.5432817
M75P4R8A,0.36075482
M7EWGQ7Z,0.62706375
M7HCXOFW,0.29407948
M7OXGQ4H,0.4521525
M7Q8WNZS,0.46540767
M7QAN7SD,0.8267657
M7TV9FO7,0.3037567
M7X777U6,0.14586145
M8HFJTGI,0.48558366
M8K8N98I,0.79058206
M8TJ3Z4T,0.590293
M8ZP4ZYJ,0.72343326
M90K8DDN,0.5159805
M91QHAQ5,0.5656935
M93PV8V9,0.49331668
M95NFZHL,0.23837537
M9GPPHWR,0.47884637
M9T3WYFP,0.05491679
M9ZMOO11,0.18635096
MA8OHVG5,0.58382267
MA9DMPDC,0.6348562
MAJI5073,0.6250598
MALZZHTE,0.26815844
MAO2969F,0.23232344
MAPRNU5B,0.36233956
MB9GP8S6,0.35457775
MBLGUWYF,0.37165356
MBY0G853,0.23232344
MC69ABAN,0.10797966
MC98RMDZ,0.28713682
MCMHZGZU,0.8004772
MD8BWIJY,0.34469372
MDI295LD,0.36802328
MDQJNR1E,0.5495439
MDQWK3N1,0.25614193
MDSF75AB,0.9365558
MDYXLQ9R,0.54330814
ME8QFXKA,0.33722442
MEJX1OWX,0.33550847
MF64PPGE,0.4177571
MFHP8BZY,0.3696427
MFLSVHKF,0.31049716
MFTFXQ2S,0.76625973
MFTQ64WR,0.1438685
MGTK14N4,0.27303803
MGUVFE9W,0.29630136
MHDR2BWD,0.21668497
MHZ2ZKIG,0.2898423
MHZ4BC6B,0.2516008
MHZFQKTR,0.36524788
MIBRPPX1,0.726739
MICFZSNO,0.52156806
MJ58AGEQ,0.460611
MJOFHY3R,0.70650417
MJQ8DS2K,0.113807954
MJT8UQK5,0.381473
MJV3NXWD,0.4162942
MK3N5N7H,0.35457775
MKV826G5,0.2752564
ML1G9Q5T,0.19921747
ML6IX1UY,0.23232344
ML88C6DV,0.7420031
ML9QFU2L,-0.38659716
MLG8ND63,0.4573168
MLO1CCQ4,0.71592265
MLWSR4GK,0.29407948
MMAJ84HQ,0.3111674
MMBQKCHH,0.35478196
MMEPHWQ2,0.16448352
MMLEIEHV,0.46651617
MN3XF7V9,0.32356852
MNT9A7GG,0.039747093
MNUA07YQ,0.8768734
MNVB35MT,0.5925268
MNX4Z8AI,0.1438685
MO0UAAYO,0.10797966
MO72RU2V,0.558482
MO85V7HV,0.17479731
MOAEVWTV,0.7683607
MOAO0ZUP,0.37699202
MOJN8E4I,0.7840795
MON5UNWK,0.39014864
MOQ48ITP,0.49416396
MOQOYUFJ,0.018809604
MOSGST26,0.59198844
MPSWE53N,0.73582095
MQE7W7HH,0.23576553
MQG0V1OD,0.78342134
MQGXND3E,0.20673427
MQKGMH5A,0.25399667
MQP0H9DO,0.76958776
MQRLO2QX,0.6871968
MQSB87IE,0.42573848
MR637E8U,0.33221897
MRTIX20G,0.22970124
MRTQX6Z2,0.60113305
MRV8554U,0.5268546
MS0LDSIU,0.64358467
MSFGN9FR,0.1438685
MSV4GZ7Z,0.74980474
MTA8SAK3,0.43486086
MTWZ7PX4,0.19203967
MUNO970E,0.20640343
MV05IFNS,0.2977518
MW6A9CM4,-0.36973974
MWBKJAOD,0.6691804
MWE714P5,0.14496043
MWXTLGLZ,0.23232344
MXMGBNWD,-0.1141462
MXMULJDS,0.3280394
MXWGIO3Y,0.46660608
MY235NXF,0.848486
MYD8C6H5,0.26334852
MYLIQLJU,0.75448716
MYWAHLJY,0.13958071
MZAR11JB,0.6430474
MZB9QJ3I,0.898592
MZC53I01,-0.06959665
MZU35M4O,0.3207295
N05HTNUZ,0.17195912
N0CBJM1U,0.37944376
N0JR1GGB,0.66575176
N0Z2FSWP,0.25409418
N1BI29JE,0.47687095
N1QMTSQQ,0.4021778
N1R5D3XQ,0.4911789
N28XIIKA,0.4118737
N2MO4BE5,0.7949235
N2R6ZU1J,0.12225377
N37JDKC7,0.1647075
N3B9RLIX,0.8221381
N3EHHBL4,0.34534168
N3PVYWC2,0.39187336
N3S5E7HR,0.507803
N3UQ9OIP,0.10797966
N3V3AC4S,0.67825764
N41MYHOD,0.11037185
N48Z4S30,0.47206685
N4SM8CG1,0.6547201
N56YX5NR,-0.0064112335
N592TYGE,0.13942848
N5VFOCZE,0.40572077
N5W4NTOI,-0.084237635
N5WXKZ2A,0.47173026
N6V0JR53,0.20526378
N71IVJ4J,0.35168102
N753PIV2,0.33361202
N77TN3HR,0.18540463
N7H3S7CE,0.5318395
N7YQLJR0,0.31378695
N83QS7V2,0.5156257
N83XS0TQ,0.7481411
N85ZZM5L,0.24037439
N8EI653D,0.37558854
N9KC7Q8V,0.4936359
N9LLWTEF,0.095837906
NA3V2WFV,0.32800755
NAT88XF8,0.10797966
NAUOCUCF,0.6884173
NBSZNGX7,0.2913433
NC1X2GSN,0.15586202
NC4HUS4X,0.17195912
NCEFVYTG,0.86733717
NCZF4ETT,0.30424753
ND13U61Q,0.27512294
ND232W5Y,-1.0
ND7SBPDN,0.24646029
NDB4UIAQ,0.5159805
NDFH74RD,0.6638685
NDZPMEKL,0.16904552
NE9BVLSV,0.45506948
NEHD9TKP,-0.3589047
NEOHJO16,0.34654242
NERVZ7Z0,0.18221551
NF2QE63G,0.61110073
NF6PLY43,0.15092126
NFANQE38,0.08945723
NFBOSBE5,0.50909114
NFPLBK92,0.74478364
NFQBYO2J,0.10797966
NFSS3KI8,0.36416805
NG0QCYKX,1.0
NG1C4J06,0.25597805
NGD9RG24,0.6021399
NGEX8LN3,0.29680428
NGF1ZL4R,0.5699478
NGIRAJ35,0.20817967
NH1DU33G,0.7387948
NHC08CX2,0.19598003
NHMRZFDS,0.031711932
NHRNJ2GP,0.64485514
NHUX4X7N,0.66602784
NI26PTAX,0.62771875
NI2R4J1U,0.06051539
NI5KG6N7,0.5823133
NICMHZXH,0.25315067
NIO1P4S3,0.051629454
NIVKDMLY,0.25252813
NIZTSN7W,0.31314877
NJ757XMS,0.8630696
NJBOIJR2,0.6264386
NJJV6MUL,0.7815659
NJWYBJ3S,0.23963554
NKBDQIZV,0.5021036
NKDBSYXN,0.6913457
NKOCM9FA,0.13089637
NKQC8ITX,0.4670725
NKUOKOJN,0.4212828
NKV17RJB,0.15062447
NKW13ZOV,0.33550847
NKZRCGVB,0.2790683
NL08UE59,0.3045824
NL746FNW,0.26252958
NLA75CLN,0.5055186
NLFL1K9Z,0.54671097
NMBL2FA1,0.4442966
NMCYZYWT,0.84770805
NMER98E3,0.6845032
NML1IXG6,0.56320834
NMTMKZ3T,0.7478629
NMWGJO2I,0.6584327
NN2BZF4X,0.28049147
NNQOAH2Z,0.37557286
NNTA4YPH,0.25409418
NNYPNN10,0.6626569
NO52WLC4,0.13369839
NOE9GIG6,0.63917357
NOZO5IG1,0.08295702
NQ6K7EA6,0.5921826
NQCYIUNT,0.15092126
NQSKZPVK,0.2486429
NQUZF4C8,0.08295702
NQZG4Y9D,0.53531367
NR1GZRO4,-0.0862235
NR6VCVIB,0.7943756
NR9YO1JA,0.83157593
NRALCWNX,0.68699795
NRLASGZO,0.5237834
NS15U9GM,0.7102276
NS6R6U34,0.63686514
NS7AEN9U,-0.47217453
NSOWBPOA,0.1438685
NT3I0OMR,0.30893108
NT8KM5LW,0.26281855
NTAG4R5C,0.6906292
NU0OZCIQ,0.27807644
NU6PV5XT,0.22923675
NUJO0PQ1,-0.26958475
NUV45MFJ,0.3585393
NUXJAB2P,0.08465649
NVCFK77M,0.5830345
NVFZBN20,1.0
NVPT5F1Y,0.07253401
NW56IOGB,0.23232344
NW8PLW0Z,-0.11978043
NWCPOT0O,0.25315067
NWIWXLRY,0.46871585
NXAJS1EE,0.20346016
NXGKSBMS,0.12702656
NXX56N3N,0.31314877
NY8B3CTM,0.26811576
NY8M6R5W,0.24345621
NY929TYG,0.299803
NYT0DA0R,0.7922591
NZJ3PFP7,0.3654739
NZR15IVN,-0.0095877275
NZZMQETA,0.20493546
O0S3XZAY,0.26232773
O0Z0PJU2,0.23295046
O144BLFF,0.6523187
O16DN7OW,0.50582767
O1K7W5VP,0.45453405
O1QQMJ6W,0.81450367
O1UTKEET,0.7038557
O219SCJ8,0.36599824
O2A685H6,0.2631534
O2NLLM6D,0.37490782
O2VMSYSI,0.51793915
O2YRHYS6,0.36054716
O3RL7E5H,0.49263027
O3VK6C1Z,0.77592343
O3Y2O0OD,0.24771348
O46OAOD6,0.037337426
O49D6P9U,0.55955195
O4FK98P1,0.7421195
O4GPNW0E,0.47953317
O4OX4WDK,-0.0070400513
O5XAQS67,0.7153552
O63PX82G,-0.010269154
O6656P0K,-0.1481722
O66WHFZW,0.46231118
O6D6Y97O,0.72628427
O6X76W1G,0.16970852
O6XJFK2F,0.3023997
O71KCABW,0.617121
O7324ERK,0.8747646
O7CHM2KA,0.44112584
O7KDM54Z,-0.16817807
O8CMYMWI,0.70053893
O8KE56WP,0.095837906
O8VY2KJP,0.2510564
O94H1NX4,0.6240562
O993JBDC,0.28318387
O9E7ZG6R,0.07560722
O9JR1266,0.7420031
O9QJK6X1,0.17911719
OA6H4L3Q,0.36802328
OAMU958X,0.4021778
OANYIRSA,0.31314877
OAXW28RP,0.41853866
OB2YXPIE,0.8002189
OBAAPLX5,0.08294635
OBWHTXI8,0.29990134
OCB1D9HP,0.33797434
OCGLMD0B,0.7462613
OCIRCBFB,0.4117483
OCK9QQTA,0.31261772
OCLYOEU0,0.5380381
ODI2NAFN,0.706425
ODI9Y0KJ,0.7093219
ODKEBN71,0.24066547
ODLHK6SH,0.5490141
ODRAKZJH,0.2164745
ODSH71A3,0.5554715
ODXV6MQE,0.7128231
OEAZAWCQ,0.37751788
OEJOYARE,0.343985
OEN63ITF,0.08945723
OET5G66Z,0.89083326
OF5G326N,0.35457775
OF6J93UX,0.8244755
OFGIN7VK,0.70864606
OFH6BLJM,0.81734145
OFK9HMDW,0.19787627
OG2HHSDZ,0.665666
OGEZQTFB,0.5496857
OGK1PJAQ,0.79058206
OGV0VSEK,0.23232344
OGWPE5L5,0.40667686
OGYHF5W0,0.35100916
OH98V082,0.13910168
OHLTN9N4,0.21698372
OHMCPLB7,0.1131343
OHRBSQ0G,0.27118874
OHY8ZD0F,0.48459384
OI153LCK,1.0
OI55U234,0.56857115
OI9J8MU7,0.45096642
OILFQS8S,0.47803757
OIMCVYKS,0.3254163
OIROTFV5,0.1947911
OIT8SDQF,0.11884591
OJ4EVSEB,0.09363657
OJ53OEDP,0.16634765
OJGELCN3,0.023167914
OJMNT5YS,0.59487164
OKAN5ADT,0.62233365
OKD62BOE,0.2803824
OKGNUG14,0.4628468
OKRXCVJM,0.5774016
OKVJJJVL,-0.36035776
OL650HFW,0.19668925
OL7HKF2B,0.8241405
OLGQN638,0.1438685
OLHJRU9T,0.8710496
OLWP8P7G,0.22785495
OM44XQZD,0.26281855
ON3VWAEI,0.3703193
ONEY28IN,0.46095836
ONJ877VC,0.93689686
ONOZXU63,0.33043376
ONPFP1BT,0.05535499
ONPJSXZ2,-0.113993496
OOKIPAZQ,0.3737605
OOU79HLB,0.33550847
OPKO69RU,0.6328533
OPMQ3EKR,0.19089442
OPN68XLR,0.10797966
OQ0PCJH2,0.70825773
OQFO6UQV,0.026645074
OQHRJDE4,0.23232344
OQJ5DVNI,0.2874694
ORBOMQNQ,0.5775632
ORPUMJKU,0.6313228
OSDVAJBL,0.18784377
OSEZBZVM,0.4334323
OSKS4M4O,0.32179424
OSYELGI9,-0.4835189
OTF447P2,-0.33366278
OUDX1RPA,0.33550847
OUEVRHY9,0.4485648
OUTUYVRO,0.62479573
OV17OZAQ,0.2496406
OVQCUVDL,0.2975709
OVSSZN97,0.35457775
OVUPZXGY,0.4527639
OVX9RO5K,0.871756
OWKASL5K,0.617121
OWPJ8HBY,0.13089637
OWTSTXD3,0.3503046
OX5Q22Y2,0.4189695
OX9U2SG1,0.33867648
OXBO2J6J,0.17906645
OXPICXT9,0.27202997
OY0TZNZW,0.23074318
OY0UO0CA,0.62705356
OY1D8IN7,0.035852388
OY9GPH37,0.30703932
OY9S741O,0.37033483
OYAU5EP0,-0.043369338
OYDZIIBY,0.0737892
OYMYFPY2,0.55277604
OYNKTOL0,0.39154512
OYQZ5MZC,0.51422465
OYV40LHM,0.8473529
OZ45E8KU,0.3591235
OZ4F7P1I,0.4084344
OZC8QNBS,0.34654242
OZEZCYPF,0.3779159
OZLUZO9Z,0.27828687
OZVCVL89,0.199951
OZZ8XE2O,0.6849167
P02A1C85,0.35457775
P0ICB3WH,0.59144574
P1OQE3J8,0.6237659
P1PMB4FU,0.85072476
P201FP1V,0.24834599
P2Q692ZR,0.24080414
P2Y3RGIF,0.08295702
P39TU7RG,0.09256032
P3UHQDX6,0.39735898
P42FLMDS,0.48453003
P4B8W5GU,0.18145391
P4BITZ14,0.4192426
P4G332GV,0.8278123
P4HGTFBR,0.1280938
P4VX4NXX,0.37761432
P4XGVTSN,0.55916595
P4ZTSKZW,0.48210132
P59E3YNE,0.6478016
P5K9HBTA,0.31416997
P5NOOKR1,0.3319744
P5P14U44,0.39582062
P5RAVZGG,0.40297037
P5T3IH0O,0.3322921
P5T9WMDO,0.15881908
P671RLEV,0.56628233
P6C9BWGI,-0.94318044
P6DZ9A8H,0.47529435
P6HVDFIC,0.15881908
P6IPJISB,0.25597805
P6L0Z6UV,0.10797966
P6LO39Q8,0.5367906
P6PKQQMF,0.37872565
P6W4C94X,0.0049482943
P7FITXWL,0.12655431
P7I1J1VX,0.34878972
P89PDCCE,0.63360494
P8AN0I5F,0.28844702
P8QC4SIC,0.2890163
P926FU1P,0.3248899
P92AR98O,0.23232344
P9GH4M4Y,0.35728404
P9K36RPY,0.4194472
P9NRCKIK,0.17906645
P9P56GUJ,-0.15575463
P9YYO0VD,0.366973
PA2Q34XS,0.37751788
PA47AO8N,0.10797966
PADCUNA2,0.12576692
PAJRQWTU,0.2613131
PBE910JX,0.34654242
PBMB074V,0.34654242
PC0IRBWY,0.9518084
PC4PS2ZF,0.34654242
PCBZXQQQ,0.9086552
PCKSLBYT,0.35457775
PCM627DD,-0.20704943
PCQJFCP3,0.5986872
PD02IQLO,0.76957756
PD3O5GNH,0.33550847
PE7NDCPY,0.7324463
PEY3QAID,0.69196784
PFOMH8PN,0.6953961
PFTTACWE,0.7416303
PG00UBZ4,0.26329893
PG676RR1,0.12830964
PGRQTX07,0.35457775
PHEDMQYS,0.31519294
PHJCVC71,0.34118533
PHTGRB0L,0.06066725
PHZV1HBZ,0.4745515
PI0TIK1D,0.2974071
PIFJZC9Z,0.7577553
PIR3V9QJ,0.42360505
PJHH73T1,0.4130197
PJL47PXC,0.34006244
PJNIJ6AT,0.7050714
PJNVJ223,0.6940971
PJSISN1Q,0.7502428
PJVTNMD0,0.32569927
PKK73W2K,0.69755524
PL0RHMZW,0.43545094
PL5UIEY6,0.3474191
PLFA5S28,0.5165767
PLJHSCFU,0.11738928
PLJN1GMB,0.11503241
PM3CKM16,0.3902187
PM514NOL,0.35457775
PM7IBUCZ,0.20817398
PMUOB5IK,0.38975188
PMY3J6Y9,0.2156897
PN1TZB52,0.70397115
PN8X0WC4,0.23232344
PNBNWX54,0.23232344
PNRB1OOR,0.16192707
PNRX2FHW,0.07424473
PO2KNCX8,0.538188
PO7PXS51,0.6564772
POP6BRIT,0.47489476
PP65E7X4,0.59396565
PPAEXKBV,0.27930045
PPDN4KZB,0.60500413
PPFJ9TVN,0.23232344
PPIFNGEO,0.25315067
PPR9U53D,0.23323312
PPTUII1P,0.7868686
PQ4OJPZQ,0.41121873
PR8PS44D,0.21159919
PRWKVP4H,0.28025654
PS2P5MWA,0.23232344
PSEJ49ZR,0.35584643
PSJJO5DP,0.24187495
PT2USMYE,0.36469197
PT346YTU,0.73726714
PT81EM0M,0.08945723
PTAMZ7JY,0.29144368
PTCQF6MM,0.3265943
PTOGAA86,0.30511343
PTTE0YC7,0.10797966
PTXQYSOD,0.5482216
PU113FKQ,0.69371563
PU5Z3LV4,0.31906113
PUA79MJL,0.8878094
PUDS72Q5,0.5894899
PUHDELMO,0.7588055
PUI0S3HK,-0.38191736
PVIDP7QI,0.23232344
PVR614Z3,0.48868436
PVSFEXGY,0.13089637
PVZPB0SR,0.17195912
PWG2AW28,0.72374064
PWK06ETM,0.10797966
PWZ6YEHA,0.23232344
PX4OS8CS,0.21650103
PX7ARVY4,0.67985237
PXCO8JHZ,0.19089442
PXSFDNUT,0.23766303
PY1WKNE7,0.34654242
PY83QTDA,0.35457775
PYQG73LI,0.13650356
PYYRYLFP,0.4243295
PZ24GRHK,0.2152981
PZ55C90G,0.5289566
PZ9K7ILW,0.44740245
PZB3RXAF,0.4936359
PZDGDBHS,-0.1351324
PZF2ROO4,0.28825176
PZV8Z555,-0.070465796
Q01H8CZ8,0.3207295
Q0B0HJQH,0.09099283
Q0H402GU,0.67149836
Q0IYG36R,0.34654242
Q145WNWG,0.16925903
Q15HRERT,0.4007034
Q244Y3L8,0.48162642
Q2IVHW5C,0.17370567
Q2Y3D95L,0.3225289
Q2Y79W51,-0.05872396
Q322GUTO,0.1400141
Q33NDAER,-0.06925827
Q3R3GIR5,0.9780985
Q3XB0G26,0.5272328
Q3YSAL67,0.37965754
Q4EOJIPT,0.35457775
Q4FJQB5P,0.7808558
Q58YA0C0,0.7683607
Q5MD9OB7,0.510036
Q5NGAOYX,0.702917
Q5NUC5GG,0.72900593
Q5X5MIKT,0.8103552
Q652SSYD,0.03658543
Q67EGSE1,0.11459691
Q6C88X2A,0.4273902
Q6GH7DYD,0.45970294
Q6LSNHUU,0.501633
Q6PLNXT6,0.35457775
Q6QV7L2Q,0.5761449
Q7C1ZXKF,0.6407584
Q7GBSJUW,0.51490754
Q7UAFFU0,0.3045824
Q84ZK7GP,0.4473349
Q89A3JPX,0.2665962
Q8OS73SU,0.27041125
Q8Q8ZQ9J,0.2111418
Q94YDAVA,0.59925723
QA67DITE,0.6133021
QBF48OCA,0.10105317
QBLQWPL4,0.23232344
QCD7D8G7,0.32183746
QCH557SR,0.55965686
QCKLSCS5,0.28107336
QCLH7O2K,0.22846144
QCXNS9I3,0.7022437
QD1KL9OI,0.35457775
QDNLHX4P,0.29354843
QDWR725O,0.74505657
QE0OSVN7,0.56025416
QECQYUKM,0.18600973
QEIBNTB8,0.85201055
QEIF17D8,0.34654242
QF15YIVT,0.106412634
QFDJUVQ0,0.38683355
QFJ0K3BR,0.14222448
QFT64MP2,0.35457775
QG5NQ6LA,0.052289985
QGA9VBG7,0.23270598
QGCS1ILL,-0.19932234
QGMI7D6Q,0.5024976
QGY367GF,0.10797966
QH5P373L,0.2843899
QH7CW468,-0.062038165
QHCFPUPX,0.34654242
QHIUXK7Q,0.42106146
QHIX3PD5,0.35568616
QHXIPK2Y,0.43670514
QI749J8L,0.35457775
QI7IQ1XM,0.536247
QIOUP883,0.56549644
QIPBE8PQ,0.45674875
QIYUZ597,0.52959317
QJJ72WWX,0.4464849
QJKBGEXM,0.27159002
QJS0IK3S,0.52461725
QJVI52X0,0.41658154
QK2JP27M,0.58398324
QK6AB8I2,0.10797966
QKGFQCG8,-0.57347894
QKN1C6GN,0.31314877
QKR3PGCD,0.1438685
QKUEWN76,0.13369839
QKZNVFXS,0.084748164
QLEXLO2Q,0.26008046
QLL3TNGU,0.38611388
QN5R9FC7,0.6290539
QNA7ESY7,-0.023755983
QNHZM9OF,0.16165291
QNL0EAJ7,0.41618013
QNMSCOUR,0.8345639
QNTJ19FL,0.5783026
QOJ095RP,0.40828586
QORR2T90,0.7420031
QOZH3R55,0.08945723
QP5HG17I,-0.16738264
QPCZHJHT,0.52041906
QQDUIX1A,0.32732785
QQJD23FC,0.47791708
QR6LFNA8,0.35457775
QRAG02RF,0.38943318
QRC07SXQ,0.36240098
QRPX9ZJM,0.99555695
QRS9TLVB,0.79737914
QS1ZSCKL,0.36995348
QSFLHGWN,0.35984036
QSQ669CA,0.5650936
QSY0MTFJ,0.31526428
QSZR48HM,0.24771348
QTGOZ0GS,0.306783
QTH2A2JD,0.3143685
QTMUO6WH,0.33107784
QU7N5QBI,0.7521394
QUBG4LVH,0.31647775
QUETPBLE,0.25597805
QUN6GYFJ,0.6434581
QUQ408T7,0.6650475
QUTU4O1C,0.53470933
QV0HJUUQ,0.17232433
QV6EGM2T,0.18303226
QVAR7L51,0.10797966
QVR86Y0L,0.7821706
QVU7T1F2,0.49292988
QVZ6IY3I,0.3217755
QW5WDCAN,0.5051699
QW7YMP7L,0.38121274
QWLPMBHH,0.1131343
QWWGGFTX,0.34819707
QX5IBGRC,0.36761132
QXRWPBMT,0.22993836
QYALQPI3,0.43854553
QYHK4H60,0.45356962
QYLEN6WM,0.51033527
QYTQXE6J,0.27235797
QYV6AQ04,0.8301859
QZCLQC6H,0.1504453
QZJWZN5G,0.75421107
QZSL7G02,0.7438278
QZV74F10,-0.6493364
QZZ4B39S,0.28107336
R0HU4XWZ,0.23232344
R0TRSD14,0.20493546
R117KYKX,0.5284216
R1IX7KFE,0.43237066
R1PSKXGH,0.38014117
R1SJAZTL,0.28543925
R2ACLR2X,0.4427489
R2CEGTR0,0.3045824
R34ZZQBO,0.842772
R3XK9LYU,0.21407324
R4EZMUFH,-0.16451049
R4I0VK8Q,0.35457775
R4IUNSOF,0.29610232
R53IH7MA,0.6734646
R5EOU79T,0.63446915
R5V0I4RI,0.079455584
R5VV0P7Q,0.51909465
R6212VHR,0.6645105
R680OSOV,0.79636365
R6A5F893,0.45589182
R6K028OK,-0.32179445
R6TEF1LL,0.6682464
R72EBRQ8,0.23699772
R7I9ARP6,0.5448259
R7ILRP0E,0.35902527
R7MXCZBD,0.19089442
R7PQ27AC,0.34915084
R7S34UX0,0.51281166
R8BL25FT,0.15881908
R8EH2T3H,0.28953558
R8ERJBHF,0.8919851
R8HGBUWB,0.3920992
R8JB36V0,0.4222178
R8JNZBNQ,0.19668925
R8MSXMQ7,0.22049084
R8VXHOAR,0.095837906
R93NQV4V,1.0
R9582DQM,-0.82841814
R991BVTR,0.8081169
R9JJ8C5S,0.11503241
RAKVFW8N,0.49753448
RALA74GF,0.6386754
RALE3UP3,0.44288746
RAXP7EX9,0.2630642
RB15QNY9,0.3259991
RBBCO9CX,0.10017389
RBGWT5FF,0.11503241
RBNEI31E,0.28725266
RBYPAF4K,-0.5748305
RC3TQ4VK,0.19668925
RCBVX7CF,0.1438685
RCK6BROS,0.33161756
RCNOBF77,0.31566802
RCQHZ993,-0.008258626
RCWTFGLU,0.46815255
RCXXPDGM,0.33426324
RCY3SLNE,-0.40505886
RCYIYPUF,0.4979212
RCZN8QIT,0.63312304
RDE95A6O,0.2975709
RDVGA6YG,0.8396607
REKZMO5C,0.45226005
REO86Z48,0.13879335
REY4W2DE,0.7588055
RFAHGRYN,0.5495902
RFHCT4CJ,0.6536292
RG7IAP3R,0.33005723
RG8PN7KY,0.30424753
RGGV465A,0.1438685
RGJTM4HJ,0.39268318
RHAH6XXJ,0.16810958
RHFQ3D7M,0.4080828
RHHIVWQ1,0.52041906
RHILAHIQ,0.41477862
RHSKIOGR,0.73473376
RHW7C3YG,0.54880446
RI7MVT1U,0.0654424
RI8OTYVG,0.2166046
RIJ81BJN,0.25147095
RIX18QF8,0.8265472
RJ7EN7BN,0.74458766
RJJQJZVC,0.2890163
RK6WYK1R,0.79588133
RKB073JE,0.40174773
RKDSR06Z,0.39009959
RKVIF36D,0.32825258
RL6TJFU9,0.33550847
RLRJLX2M,0.498656
RLSMG4EO,0.43295264
RLYV3VRX,0.6097458
RM0NQ73C,0.27118874
RM4I4OKM,0.77604413
RMFV40UE,0.19089442
RN8EAI10,0.10797966
RNRL05BQ,0.33870408
RO4FYH01,-0.13371456
ROUTG5J2,0.6581169
ROW958C5,0.13089637
ROXQCBQC,0.573587
RP5NPUDM,0.124148734
RQIXRVP4,0.42906702
RQNVWZ12,0.36394408
RR10902P,0.50352657
RR2SBI7T,0.25658807
RR4EM203,0.44204986
RRU9GSR1,0.6034145
RRZS9UDP,0.694058
RSDUKRJ6,0.27930045
RSF2S9D4,0.19668925
RTFYHF74,0.1642114
RTG0DINW,0.70825773
RTJHYTH7,0.41356018
RTP7PID5,0.17710233
RTRNUTHG,-0.17685252
RU1QHDNE,0.074390635
RUJ5VXPF,0.5444098
RUQC5PG0,0.43293768
RUTCB0BF,0.5290333
RUW0P5VN,0.36524788
RV4516F7,0.26320332
RV6X3QQ2,0.8876461
RVHKP9CC,0.37437212
RVTNA5B4,0.6638685
RW2N3W74,0.6961505
RWJHBLAP,0.3387122
RWN11TQI,-0.02715736
RWTH74AN,0.68056124
RYDCI29D,0.7790635
RYI7ZQ9P,0.1280938
RYLOMATL,0.27585074
RZ2U6E6N,0.40080872
RZ4RJES9,0.39777184
RZDFOPZ7,0.51112795
RZFV939G,0.21266527
RZHO1PMF,0.21266527
RZQ9XCEI,0.5566342
RZQCJRMR,0.3207295
RZWP38OR,0.57951003
S07UUUKM,0.4658257
S09F20XP,0.4936359
S0IX28Z1,0.14916699
S0PV33JY,-0.6931511
S0UUHHUG,0.3034763
S0UY2YS8,0.42636895
S0VA5IOE,0.68738
S18YK7T8,0.24741527
S1W80Y2X,0.5674121
S27NE10L,0.07338477
S2MPUTCV,0.6638685
S2P1C1QU,0.4799745
S2RESALM,0.27172908
S2U9VIYT,0.2665962
S2ZF702A,0.61598986
S3UOJ6TB,0.26530755
S3Z88NPN,0.30536655
S54GTUFL,0.50072
S55G0YMK,0.80222666
S5705NGW,0.08295702
S5B77Y2C,-0.57193166
S68XBO6C,0.23232344
S6GNYIR9,0.6944622
S6HCSLS3,0.38278648
S6JWUTWC,0.30511343
S6K2TLLT,0.6383446
S6U8MG4D,0.60792714
S71VHAXA,0.5672107
S7AQGDCF,0.47161916
S7BGP7BD,0.27930045
S83A49IP,0.40667686
S87VL2LZ,0.3785753
S8ALUBM3,0.536247
S8CJUWBZ,0.27342203
S8IKVYZP,0.33015588
S8MIHURI,0.48136172
S91DP1C0,0.6931714
S96CTSCF,0.8002189
S98LJJOX,0.58398324
S9SEPTMC,0.5850219
S9YKQ9FJ,0.1131343
S9YWRYP9,0.35457775
SA0AIN9Z,0.19828574
SA7C3MR1,-0.046184223
SA8SKDHU,0.2712561
SA99ZQ95,0.29407948
SAFP2GOS,0.6942442
SAP1O4QJ,0.3551912
SB0Z86TC,0.79313
SBA0TFI5,-0.11428849
SBEDUTL9,0.7077001
SBRESS4E,0.52118176
SC2Y510F,0.40703258
SDFX6BJ8,0.25597805
SDHEIA0Q,0.10797966
SE0W9LAH,-0.026137613
SEITLE2M,0.41814435
SEPRSAPQ,0.35457775
SF5TZ9FF,0.76625973
SFD4VO6I,0.67469716
SFJEYC9L,0.23232344
SG0JKFNJ,0.20077457
SGBVABX0,0.31314877
SGE2MTZA,0.6128297
SGN1P1R1,0.0021850197
SGP3SR5Y,0.7067689
SGRY07CX,-1.0
SGV719KB,0.4719127
SH6FBATY,0.29726604
SHLEXK9J,0.2578869
SHNNLZEB,0.2722124
SHPN65S3,0.47687116
SHRL68Y3,0.56427807
SHYHDH08,0.45348433
SI9ATICI,0.25257084
SIBNQLVI,0.5100432
SIGYED0W,0.4243295
SIPY2W52,0.33550847
SJCBHBZZ,0.1421595
SJN6MGSZ,0.23232344
SK6MD8NM,0.45038337
SKB06HKW,0.23232344
SKKP4RGE,0.25420278
SLGRU3DV,0.55145204
SLKSRLUS,0.98171496
SLNVXALZ,0.31093654
SLOIEFV7,0.30436477
SLUR6MKW,0.1438685
SMAOAESQ,0.3620563
SMVT413S,0.13089637
SN1WH8VP,0.1438685
SN486ESX,0.75943315
SN7PQ1GO,0.36148858
SN7R20PA,-0.1460824
SNIB2RSB,0.32812908
SNNUFETQ,0.10797966
SNOUHGTQ,0.5170897
SNS6D6ZZ,0.11503241
SO8NYH42,0.6340445
SOD6KFZD,0.6922904
SOGFFZ5Q,-0.20338118
SOOHKHRP,0.18658748
SOQI2M66,0.442877
SOZR8E0Z,0.22892405
SP4IP8PI,0.347104
SPI02JGB,0.5680887
SPPIN6NL,0.43936396
SPT92PHF,0.10797966
SPXWAZQD,-0.019758943
SPYHT6GI,0.44291836
SQNZPJE1,0.4431144
SQO7XONJ,0.19802111
SQY994L0,-0.20780575
SRFJGTCY,0.39243814
SRZE199U,-0.056551125
SS4YASPR,0.13202587
SS9LW4TW,0.8478153
SSPHSVPX,0.33637702
SSWXQ7XX,0.6640076
ST1W50VZ,0.1131343
ST9EP2KD,0.81734145
ST9J99IR,0.31314877
STH82YOR,0.55573046
STID9ZYZ,0.49216518
STV0H7S8,0.34201723
SUAW7LS6,0.3218722
SUO10DGZ,0.47393528
SUPX8ICJ,0.7890739
SUQTIHXD,0.23232344
SV1IDXX5,0.38067085
SV65RDNX,0.35457775
SVAPSWUL,-0.26759142
SVJDZPQM,0.2645813
SVS54E3R,0.3045824
SW8GWSKT,0.12936224
SW9NDS2J,0.67954767
SW9XJZBW,0.30511343
SWDKWUOF,0.26575008
SWJRXVCS,0.15881908
SWMEKBO2,0.57444125
SWN76U8X,0.52041924
SWVBM39J,0.27731907
SXDFOB9Z,0.25755563
SXJSNLLH,0.92537314
SXS2ZWRO,0.634531
SYMLG5QT,0.4784156
SZ0FIRYL,0.24747543
SZ5YCXLC,0.5066882
SZCOOPER,0.6824824
SZKJRECH,0.2974071
SZOFWLPQ,0.272122
SZXYG3Z6,0.8158571
T068JZLZ,1.0
T0DD87TJ,0.19223219
T0E6PWF7,0.13921976
T0S12TAC,0.2976525
T0WQ04B6,0.6310458
T0WUR9MD,-0.08106204
T0ZQVI9P,0.5914361
T18MOWEL,0.21256773
T1KPXE4K,0.97386515
T1N55OBC,0.8108284
T1PIY149,0.7583448
T1QG5Q0W,0.4004312
T1UUVTB7,0.8350407
T1W0F3MM,0.413558
T277XLEH,-0.5040486
T2A4ENC9,0.30424753
T2EYWO6V,0.08945723
T2JRQ4F5,0.26324004
T2LJIQ14,0.68206435
T2OIXRQT,0.73754394
T2PA6PBU,0.756446
T2Z5W57A,0.8658805
T37CUYLZ,0.1438685
T3G0D1UE,0.11176936
T42EBQIV,0.73551434
T42OS5K9,0.76225233
T4AJLHRV,0.3277243
T4HIQR9R,-0.007215263
T4LPRYHR,0.17083982
T4MCUDBP,0.43936396
T4XH7XO8,0.2974071
T55I4758,0.59651953
T55P1BG2,0.077404454
T59UPPYS,0.26281855
T5N8KYDS,0.4164866
T5Q51BOI,0.0903391
T69UPEK9,0.62503016
T6KYOYNA,0.3572108
T6ZT9RNV,0.4647755
T7Q5DG5N,0.42113668
T7SQ0BWQ,0.25643423
T7YHGW7Y,0.43638834
T8SAAPZ1,0.13369839
T918SA7Z,0.28725266
T9TO6HBS,0.3767605
TABBR3X0,0.48335022
TAOF2AC1,0.08945723
TAYT556J,0.34825867
TB5ZTFDJ,0.65291786
TBJELEKG,0.4079953
TBT00PMG,0.11503241
TC1Y9PAW,0.072343126
TC3SFQPE,0.23232344
TC6GBOFV,0.6205475
TC7OGSBN,-0.35243076
TCBCR1PB,0.1131343
TCWLNVHL,0.45231152
TD1CSH8N,0.38397262
TDHO2RBB,-0.14632292
TDIQ8QVU,0.38014117
TDIUTRMM,0.5013416
TDMZUN15,0.25399667
TE1JPC5Y,0.43251508
TE8CKQ36,0.6953961
TEIRSTPD,0.34654242
TEQSHSF8,0.08945723
TEUTXVDO,0.8581186
TFLBWSIU,0.29371476
TFLGLWLD,0.63724643
TFSAVBOJ,0.27904156
TFSOYBIP,0.2511086
TGL3N7HE,0.17479731
TGMJC76D,0.7949235
TGREIE3Y,0.3500196
TGS27NKW,0.80816686
TGSHOYYY,0.6288966
TGZRB02X,0.1504453
THE52JI8,0.26762116
THHVHF6O,0.06365675
THKQT4DA,0.3690525
THNEJAGY,1.0
THT303Y4,0.30313602
THUZEW9T,0.10797966
TIXVVDXP,0.070662014
TIYLP52K,0.42448932
TJ443O1V,0.2945189
TJDA9DS7,0.1280938
TJNEOF1R,0.55715066
TJNMQBJ3,0.6144462
TJQ4AM2B,0.4305531
TKRO7PLP,-0.03786872
TL8P20W9,0.6166427
TLCQVUKD,-0.21193513
TLIU45XJ,0.7784653
TLJNCYUV,0.1769275
TLSS0IPY,-0.13421182
TM3PZ9G9,0.29424506
TMBCTYSH,0.4851792
TMGFC629,0.25409418
TMJCR6RQ,0.38890168
TN32VL67,0.35797715
TNHDFKSQ,0.0989353
TNJ5HPVV,0.6264842
TNTW5XCC,0.10797966
TOHB4QDV,0.35457775
TOMUBZOL,0.35893768
TOUTKLSE,0.4273902
TP379DMQ,-0.03831279
TPEME2O1,0.8244755
TPN6JDH8,0.24187495
TPSHZPY0,0.11503241
TQKDFEBE,0.80408025
TQSUCEG6,0.59283847
TQYV7ZLR,0.5823165
TRP0EIAJ,0.27141133
TRQ2TXEO,0.4520865
TS3M9QTB,0.72110635
TS8TM5SY,0.46067214
TS9CQLAO,0.43098873
TSE72GRN,0.27851474
TSKCQGAW,0.70476043
TSS4Y1RB,0.26008046
TSTJPX3C,0.23074318
TT2E45GQ,0.68056124
TTRU3CG2,0.1032703
TTU5DR5X,0.06433304
TTZUT96Z,-0.01442075
TU6WFHZE,0.10797966
TVG2WYT5,0.6638685
TVX154O8,0.34878972
TXK307PH,0.32721117
TXVUV53A,0.095837906
TYA1EE76,0.54951614
TYAT1NWM,0.10797966
TYD0W8WN,0.23018222
TZDI99AS,0.49816498
TZID9EJ5,0.6764386
TZVZGWI4,0.46696776
U041116F,0.18688443
U0LCCF8R,0.3994652
U0PSZJBT,0.65349466
U0TKN0IR,0.5202754
U10IBQCM,0.10797966
U1M3P926,-0.0025549545
U1M7FX3C,0.28436348
U1UX2PZD,0.29407948
U27KEYGN,0.40920857
U2GU4CPV,0.68281835
U2I0ELBA,0.5875181
U2RO7YMR,0.032097142
U2Y02PJA,0.24086772
U2Y3EA7A,0.45497972
U32ENZVV,0.13089637
U3SFIQVR,0.42582518
U40E94DN,0.5830345
U4AMIXQU,1.0
U4IQAXTG,0.7778341
U4MAEENJ,0.5777204
U4SDYLVW,0.44443557
U5K1PFOF,0.36054716
U5WLDUAW,0.31314877
U61E7MGY,0.23232344
U65R46SM,0.76625973
U6LIXHS8,0.5855911
U7D8VCOW,0.35457775
U7N8NJW3,0.6672702
U8IO1DZF,0.34654242
U8J3OCQM,0.25409418
U8P9OTX6,0.25257084
U93P0FWS,0.18261088
U9MFGFBF,0.35457775
UA44NFH9,0.30511343
UACA12DJ,0.2323754
UARBL97I,-0.07502717
UAT979NF,0.11503241
UAWU9BKD,0.51470846
UB3V2WXL,0.23232344
UBBMQPAX,0.3478442
UBRS97OP,0.0560463
UBV21JE9,0.91775924
UC1M8ZJ2,0.4509387
UCDDZ6QA,0.33478144
UCFFCW3Z,-0.02513559
UCKH2P89,0.56387335
UCVQ4B7M,0.045544058
UD79OLAI,0.23837537
UDHM9S9C,0.24474871
UDQK1ZUX,-0.2926089
UDQM93L1,0.45763096
UDVDSGIR,0.8335378
UE9O9YQC,0.36379525
UEB3N0PR,0.5041717
UEMVRAHO,0.5370614
UENTG4KD,0.5753066
UESYE52K,0.62477136
UEZFM1AM,0.4892629
UFDLPSSC,-0.073385425
UFE5XPTY,0.19089442
UG4QJZB2,-0.3006338
UG58XTL7,0.8398593
UGC3N4SK,0.6190745
UGJTL20W,0.70319605
UGMVCAD3,0.08945723
UH3HUBEU,0.08295702
UH7RHLVF,0.30424753
UHCG78V2,0.34654242
UHS0UR7D,0.7840795
UHUC0R2T,-0.050603785
UI2TP91X,0.48326492
UI66N7C8,0.27187508
UIINRCCO,0.35100916
UIJLRQQT,0.16077876
UIW0YB03,0.2890163
UJB5UROZ,0.17195912
UJJSFRY2,0.4173718
UJNNAQSE,0.4596056
UJQX649U,-0.20450513
UJWDZ2GJ,0.85970885
UJYB2ZIF,-0.30058226
UK05IYAE,0.16005504
UKHPTDV2,0.3265943
UKXUQBPG,0.27455968
UKZKCQ4J,0.38068464
ULI56M5L,0.55078346
ULWWV0BX,0.43322915
ULXRXD65,0.7123739
UM0XNV46,0.46429834
UM6RNF0E,0.15399162
UME0OSXI,0.34819707
UMMA8Y2A,0.080289744
UMUSK8GD,0.061990954
UN8GWSTD,-0.020709237
UNK6Z8RC,0.5338617
UOI8ZKJU,0.7342694
UOLE41EH,0.10797966
UOS3PD5Q,0.31906113
UOU01NBN,0.34174618
UPJV2MSD,0.17304537
UPOBCGAO,0.30424753
UPSBEREH,0.19668925
UPTPBK2G,0.4481572
UPU6IHNI,0.35457775
UQ2KQ18V,0.11503241
UQ9U8UOP,0.6967666
UQAQUHCU,-0.026432844
UQMZKQ50,0.31052735
UQVJBS58,0.6059084
UR58J94G,0.7113994
UR7EG89W,0.42015678
URAC6ZER,0.18736358
URNWIXDB,0.15867457
US0N8POP,0.26636285
US0ZPWYN,0.92353016
USBMUC00,0.24733794
USH5FTWD,0.10797966
USNQICEK,0.11987753
USUDQ7AC,0.23232344
USYL0NMR,-0.39869303
UT2JCOTD,0.35457775
UTDDF2F5,0.061224744
UUPA8K1W,0.42046303
UUSZ3N18,0.42281592
UV58JBCH,0.033655148
UV9PL8ZP,-0.091757685
UVJHYISE,0.33635852
UW3GFRZ6,0.3058382
UWB0S0UJ,-0.01438097
UWC8EAAV,0.35893768
UWESEHUW,0.1131343
UWPQN3GH,0.23232344
UXBM5KBL,0.3002397
UXMSM47E,0.17195912
UXOZ78NP,0.3590107
UXURD844,0.46575704
UY0PLRWJ,0.47349173
UYD020OS,-1.0
UYMDOFQ7,0.07829514
UYOG9FYD,0.22993836
UYT40V6L,0.66491866
UZ1OJ6VD,0.8564817
UZ4X7WR3,0.5159805
UZCVVS2L,0.11433237
UZRIINF4,0.1438685
UZRIJCEE,0.45038337
UZSNCCNV,0.5320698
UZT7JR8Z,0.34654242
V008P9MZ,0.12037102
V0DKTQVH,0.11503241
V0L2UZY5,0.16592358
V0W3FN1N,0.1131343
V0ZSIGU6,0.28107336
V10ZLMJ8,0.1131343
V1MR4JGI,0.46973985
V23JBC2C,0.5194651
V2BK2ZUO,0.4589231
V2C7VCHO,0.41088247
V2O1TLZU,0.35457775
V2Z0Z42I,0.43808305
V3XI3FE6,0.37430978
V4RB0Q28,0.10797966
V4WPDS8N,0.41390684
V4YSDQJG,0.35457775
V54HVN7M,0.6884173
V5DXZMJL,-0.0012604588
V5F5MSAR,0.4557035
V5WOS0JX,1.0
V61GSVW3,0.14327091
V64ZIMRA,0.7774794
V6BLW5A1,0.7420031
V6YMPUV6,0.3821743
V6ZWEA7M,-0.2720444
V7B4LPZS,0.81770027
V7ER8Q56,0.6899979
V7KQGAT4,0.1438685
V7L9GVG4,0.5830345
V86960SK,0.11503241
V8CJSTY7,0.64683455
V8X4ESTX,0.834559
V90G9PDT,0.7861512
V97N9LXT,0.6761295
V9AC1BFQ,0.27930045
V9BL65VI,0.47931302
V9JNUNC0,0.86364996
V9MB80EP,0.36802328
V9UK5PCI,0.43466455
VA73777S,0.82910186
VA7MARAI,0.18089038
VA8TSEMM,0.15333615
VAU6HUS1,0.023845492
VAWP2H31,0.26861113
VB8VAO8J,-0.0035082395
VBMHPFCE,0.47724223
VBU9ILSN,0.21515906
VBZJVCBX,0.695777
VCI2LJZB,0.18673712
VCM5N4SX,0.6764386
VCVKT9L5,0.4816308
VCWKZD83,0.10845064
VD3UH37A,0.5055896
VDBG3V9C,0.08945723
VDBQVWYD,0.5069118
VDL93MHJ,0.35386923
VDOV99CB,0.08945723
VDWALJ89,0.2910264
VDXJW6X7,0.4164866
VE2PBORX,0.16112235
VE67PY8J,0.08945723
VF3AKRXH,0.2166046
VFSG57MY,0.8724814
VG18BRRT,0.48133785
VG1YRBDK,0.22633208
VG9E6DZ8,-0.9208724
VGGZ2WQH,0.7180594
VGHJQPU5,0.37152407
VGWVR0DC,0.5236508
VHII9HGF,0.18588954
VHMT5NRY,0.307203
VHP2J8P4,0.46546942
VHZD9OCU,0.033655148
VI3WIYMW,0.94110394
VI7RZCX4,0.38622165
VIV700R0,0.711801
VJ7653YU,0.6941399
VJC06DWB,0.055431012
VJD4YX4C,0.44427618
VJF3AFQP,0.23232344
VJI6XCYT,0.63472563
VJK1M4RU,0.6779079
VJO95VB3,0.29529762
VJVRYW5R,0.8463695
VK8ILAZ7,0.46246174
VKGIPTAW,0.59283847
VL34YI3D,0.35819894
VLJ04NX0,0.26281855
VLRBBGY6,0.25032285
VMMUTL9O,0.756446
VMWGZ8BR,0.1438685
VNCVRR7U,0.15934914
VNFTTGJ0,0.40828586
VNKNZ9H6,0.571799
VNKTU5MV,0.24771348
VNNR3U8N,0.20080562
VNZTCDQ9,0.703944
VOMICH5H,0.37413898
VOOOOU1A,-0.041355215
VP0NIDT4,0.5643288
VPCHM04X,0.67746484
VQ109N4A,0.19089442
VQ135ZAJ,0.73476213
VQ3TVQG1,0.33885893
VQD457MA,0.2890163
VQT6CZ6Z,0.33550847
VR4ZTRDU,0.44238576
VRMXZEVO,0.6303189
VRUVOTP0,-0.026479773
VSSOMF5J,0.37459266
VSV4G45Y,0.36802328
VT9UEMZP,0.4344336
VTC15HT1,0.34213385
VTFB8M76,0.4837931
VTGQUJU0,0.5561163
VTWE8QJ5,0.530387
VTYIBCOR,0.36599824
VUVCA0WW,0.10027506
VV2JHVL8,0.61086565
VV665LZE,0.30199787
VVDWNWIG,0.413786
VVEMZK7P,0.36802328
VVIJFE2S,0.7621552
VVNQW82M,0.33893922
VVVMB22A,-0.2899424
VVWWO1IG,-0.122640304
VW03QWWJ,0.6803581
VWG0N3VW,0.60931736
VWIDTXGF,0.4004312
VXMF3E9B,0.48869863
VXSX6DJL,0.17862992
VY3BLR5U,0.12786472
VY6HOYVZ,0.53567296
VYBFPD3M,0.41439086
VYFSYQ81,0.12769532
VZT3WATU,0.22993836
W04D62Q6,0.5628707
W04ONYJA,0.42244703
W0O6O0ZQ,0.47368714
W1546JZI,-0.13691902
W1DRL9NL,0.43777505
W1SMI38B,0.6424468
W1TPFU9N,0.4726117
W2AWVOGD,0.19089442
W2C6LP3J,0.35768974
W2DQSZAJ,0.36599824
W2NSPLL9,0.50685984
W2OQ9KOF,0.54991555
W37WBKPG,0.42601067
W3Q153AB,0.6864949
W3SDK4CC,-0.49852723
W4G975YQ,0.09092314
W4MAW9RX,0.76479596
W4O65LCM,0.2987701
W4ZT0B8F,0.21231428
W50YQCQE,0.24969323
W51PHRIQ,0.5776662
W54INW17,0.23789881
W5DHXGL3,0.23232344
W5U240ID,0.81116307
W5ZV97L1,0.6250355
W66M0ZZH,0.49977097
W6JOSJ54,0.38769722
W6KX87TI,0.25388083
W6TYEXBG,0.24771348
W74V5JHY,0.18977262
W7DG2UCY,0.36074883
W7WEFEAU,0.2792258
W82DYIL2,0.13089637
W8UFU2MD,0.38375556
W928VQ6P,0.8202274
W9409U43,0.25658807
W9AQ342R,0.6327975
W9AVNCEO,0.81895465
W9LO6R5F,0.1643168
W9UP73VN,0.39598075
W9VK1OGQ,0.41537356
WA4YFFIP,0.66774094
WA765H9M,0.27449054
WA7BWMHE,0.34654242
WA8KU01I,0.30511343
WAA6V0AW,0.84501094
WAKBJAOI,0.30826727
WATDYHZ4,0.16490638
WAWW6JT2,0.35457775
WBLXWQRJ,0.3337879
WBTO6S7O,0.3111674
WBXU6TNN,0.2201067
WC7NAN87,0.5121425
WD9YW1QI,0.8265472
WDG2CSNC,0.55944437
WDIR9U2Y,0.5652489
WDPJZSQX,0.94110394
WEB20GPQ,0.31242532
WEEUQDWF,0.22309753
WEEXCW8J,0.18779051
WEI8NQ36,-0.709257
WEMIZGST,0.23232344
WEN2SNL7,0.6953961
WEYGHLO6,0.5921826
WF9IBLMP,-0.013368756
WF9TYX9R,0.12144544
WFBL9VWX,0.19594574
WFGDTJGW,0.7585462
WG2ARV31,0.16077876
WG3TAFE7,0.36961547
WGLGN7KM,0.39564776
WGNWTT8R,0.2865785
WGWGALRG,0.4325447
WGX3H89G,0.37100112
WGXPG2S9,0.559073
WH3OCAYA,0.34654242
WHDJFLTU,0.48586455
WI71LWAF,0.19668925
WIJF7YV0,0.9863585
WJYFVG3L,0.467304
WK04RA9L,0.92360866
WK120003,0.40302837
WK1PH76R,0.10797966
WKD5YWE0,1.0
WKI6OLO5,0.26008046
WKJWMN81,0.5664293
WKVUYJ6S,-0.51306444
WL4G8TX0,0.4136405
WLG51H6J,0.41529512
WLKUNJM9,0.37558854
WLUX9TH5,0.6723277
WM03AF5L,0.5642156
WM9TSVPN,0.7320822
WMSIPO4J,0.39102003
WMTB3GF5,0.21229601
WN7YD493,0.39187336
WO1BCQT9,0.4243295
WO571XMM,0.66005874
WPVVWVRA,0.17710632
WQ3XMLSX,0.18533355
WQJ4DNTM,0.39825404
WQMQB76O,0.16952525
WQU99XIM,0.22242895
WREDNVL2,0.4982501
WRF8W09M,0.8545519
WRIT9YWP,0.095837906
WRSMII04,0.73499435
WSFXUMBK,0.52888167
WSKD2MQ6,0.61134905
WT0CW0MC,0.46422422
WT5U3J4Y,0.6396649
WT7C91NR,0.13411018
WTP6JX6G,0.7113994
WUGWOSVT,0.16490638
WUGY5NF8,0.45535746
WUH9OFCI,0.24975114
WUMVXXP3,0.25257084
WUP4655S,0.65432954
WVVSN8S2,0.11596962
WVYJ0UG4,0.22340642
WW6495JL,0.12153854
WWF5IZKI,0.13400853
WWH9KYE5,0.6046723
WWKK7TLO,0.09924584
WWWXO2AX,0.6009986
WX2GDARE,0.2879312
WX3BX1VN,0.22633208
WX54ELCK,0.562675
WXA034X3,0.24904646
WXO8VWWD,0.18490309
WY4NP8D0,0.25409418
WY8J2UJM,0.2974071
WY9NWA40,0.19652772
WYR145MB,0.7133252
WYTKD32L,0.5053828
WZJJV00G,0.57741773
WZY4Z9RS,0.33758265
X006B0YV,0.32654873
X0384DXF,0.6248297
X062JUCS,0.3967858
X0D4PXZ5,0.68756723
X0LWRBYK,0.36033756
X11T9KYT,-0.073783085
X1GLM9RY,0.30077344
X1ISQIUC,-0.020694094
X1QUTRJ5,0.087802544
X21XIPS3,0.29489937
X2Q2PA5U,0.35457775
X363VZ2X,0.26265168
X3HHBHN1,0.40382996
X3P1VCAS,0.6230106
X3WEZ09M,0.45746028
X46PYZ16,0.1970322
X58TLWPE,0.3045824
X5LK65UH,0.17531663
X5MA72SI,-0.15760793
X5MQ614W,0.25409418
X5TCTRX4,0.79058206
X5WJ8CCL,0.5419052
X6BTTIVI,0.3207295
X6DT4L65,0.5041175
X6GU4UR5,0.8090384
X6KPKH8A,0.12144544
X6MYBPH9,0.20806272
X71X4QGL,0.8668775
X79NRYBJ,0.6688888
X7O5LJEQ,0.47636014
X7UEDUI4,0.36074883
X7XB2EZM,0.8814874
X84CMKDY,0.4409626
X8HN850E,0.13089637
X8JTY01I,0.11884591
X8NJJ1Y6,0.46257618
X8XGRNU6,0.710553
X8Y0BXML,0.18058982
X903COC3,0.7420031
X904HFAL,0.20725589
X9A7PB5E,0.13256107
X9D2WBPC,0.3939504
X9IUEHE7,-0.328205
X9YK51TY,1.0
XAA8YN4L,0.1131343
XACQEOJN,0.25822556
XAF19Q3C,0.23232344
XAFDEEEA,0.25409418
XAGU7DAE,0.26874822
XB2CTKRO,0.46162438
XB4FGPVX,0.26281855
XB6MVZOG,0.52821165
XBB8X0HR,0.45205444
XBHJ2I6R,0.4229399
XBQFVXHC,0.5408075
XCIK0A2H,0.4936359
XCKHHFHD,-0.0839389
XCM27RRJ,0.461463
XCNJA2IF,0.016869474
XCWVXV6O,0.2974071
XD4F6PNG,0.5079451
XD6PE7MM,-0.19823442
XDRGLMWB,0.24187495
XDVYT4U3,0.34812915
XE4L4QRB,0.68242514
XE7FS700,-0.3813892
XF257JQ0,0.11503241
XFBBABG8,0.1131343
XFMGI6KD,0.38014117
XFQUHOQ5,0.17195912
XFVUU1NE,0.29118013
XG5OYILD,-0.07232483
XGGBAJZP,0.11884591
XGJY45BA,0.19089442
XIEOXYAW,0.16529596
XIYFA1DU,0.6882364
XK7SYNKY,0.33528957
XKARNCJ3,0.10797966
XKEFQLRM,0.25257084
XKFRL7EC,-0.36035776
XKNYN4TR,0.44593284
XKUSQUYS,0.5103177
XL1J13NG,0.29474348
XLC6KKNF,0.095837906
XM22MDB2,-0.45429075
XMF08SYK,0.2781828
XMLWV9S7,0.60622376
XMO6PA6Q,0.3274286
XMZOJUNN,0.38683355
XOOAAM2K,0.31314877
XOPUBB8L,1.0
XOZ2LFHX,0.11503241
XOZBU45J,0.6299428
XP1DU5HT,0.40202132
XP6GRO2O,0.70553243
XPZMDGCU,0.4888978
XQ0W6L32,0.66904455
XQHOGJ72,0.34654242
XQLT0VA5,0.7290411
XQMLB0NM,0.30330765
XQP90G3I,0.58238393
XR9P6V6M,0.28710636
XRG4KZKU,0.5597885
XRQXMFK8,1.0
XSECJS9A,0.10797966
XSHUVYAR,0.40005314
XSOR3ETH,0.13256107
XSQJWI28,0.3859012
XSV7H6M4,0.3474191
XT1YA3U5,0.5782705
XT7DOPQ5,0.18806793
XT9FNBAJ,0.095837906
XTA5C26K,0.66996264
XTBRW2MX,0.4021778
XTGUIOXI,-0.072260946
XTV7KY7Z,0.6638685
XTVRNN1G,0.22894505
XTY3VOI4,0.65927976
XUANL6KM,0.24328043
XUSVM28S,0.7114502
XVOBFIVF,0.29630136
XVUTI2Q7,0.44639787
XWEQ3KYU,0.35457775
XWHW81AC,0.22077033
XWLJDV98,0.34790373
XWM9ZM7L,0.45978758
XX375FDC,0.339813
XX6PQIUK,0.23232344
XXE28G6Z,0.2466007
XXHJT1B0,0.060798123
XXKI5REK,0.1642114
XXOLXZV0,0.33801478
XY5BGL0B,0.78774935
XYE70NU9,0.30892804
XYP81FEM,-0.08357265
XYTVWG2H,0.6905132
XYUJX9QJ,0.28107336
XYWBBP1Y,-0.01621092
XZQ6K2II,0.39187336
XZUL0652,0.6318992
XZXHLDQL,0.5599697
Y06EILXF,0.5387409
Y1GP7A1E,0.1438685
Y1NOLGV9,0.11503241
Y1OC7SKA,0.6638685
Y225AKH7,0.20263563
Y26MBCMX,0.7257988
Y2BBUE6G,0.36104643
Y2IZM1V0,0.69116217
Y2PK9RLT,0.17479731
Y2S7N7BH,0.2302948
Y393S2WH,0.5275568
Y3PERXW0,0.3204819
Y3T2A3QZ,0.75994015
Y44JRH8G,0.30424753
Y48FKSIT,0.26930737
Y48RD60W,0.8473803
Y4G0U5TJ,0.12776496
Y4IIPW2V,0.5673157
Y4J79V4U,0.28670004
Y4XP6IPS,0.5650842
Y53UOK46,0.10468537
Y59BAPO3,0.36551422
Y5XIMP45,0.050076526
Y5ZVJN1C,0.11503241
Y6E37E0E,0.70764154
Y6JEWN65,0.33107784
Y6K6UF3J,0.4458963
Y6XT09ML,0.30424753
Y79HH0JW,0.6813252
Y7BL0LCR,0.52985585
Y7DKFPKT,0.40382022
Y7EU90O3,0.28219423
Y81G3TXV,0.64677095
Y88891ZS,0.41088247
Y8BGVXXI,0.45683008
Y93EFQOF,-0.24468808
Y93ZAY9X,0.33161756
Y9D9M4OL,0.20029984
Y9NPIKIA,0.31314877
YA0VGDUA,0.22518283
YA3RXOGB,0.23232344
YA7QBR9R,0.7108601
YASV0BYI,0.34654242
YBKJ9XMU,0.77882504
YBO5OFHH,0.49874577
YC7AZVQW,0.33614904
YCADYL8O,0.036800668
YDAC0SAY,-0.57155836
YDDNADJJ,0.14054656
YDMGMFXY,0.1438685
YDVUR46K,-0.10457067
YE4Y4D30,0.4180973
YE6SWJJZ,0.8171696
YE9MXBEG,0.31855896
YECL4PLJ,0.37729833
YFL60F97,0.14845327
YFLB3BQG,0.36599824
YFZB4TL7,0.30313602
YG0LEK67,0.2974071
YG3ZSTTP,0.23232344
YGAW48WA,0.6115518
YGHVQD1P,0.54573613
YGI0KAMX,0.38683355
YGZK3D2N,0.3412472
YH05BPI5,0.25409418
YH3VFFJP,0.43670413
YH7SIVLS,0.20493546
YHAMB9SI,0.6201787
YHGZT1OL,0.79078466
YHUC7G1T,0.36113286
YI1ZA41K,0.7877174
YIDYL1H9,0.28985876
YILWEBWO,0.5362529
YIR436PX,0.64921033
YIWN4VQI,0.30920255
YJ87B1J1,0.7981683
YJKHN8Q2,0.376774
YK2PBW5D,0.25409418
YK4C34D7,0.22894505
YKDRZBTO,0.14499941
YKLFFXYT,0.3089914
YKNSIW6C,0.44042772
YKYG6LX1,0.7826073
YLKKLRFD,0.20581174
YLL15EPT,0.00422896
YLP5F0IR,0.0007255747
YLR88D4Z,0.42571974
YLZ7O7MY,0.41272715
YMD5GJWO,0.28732792
YMQAP4FE,0.41970634
YMTIQ8QC,0.40146035
YNOUCWOG,0.8390667
YNVNZSZH,0.4458541
YO6BH3UZ,0.51078856
YOWN2L82,-0.82685596
YPA45IM3,0.4440189
YQ9HAN6P,0.56185436
YR8AJC3L,-0.02331444
YR9TOD2D,0.08945723
YRL31L2P,0.07647095
YRMF6HPL,0.51485854
YRN8M934,0.4545105
YRNLJH0U,0.30436477
YRQ6SF5F,0.6755095
YRQ7LVUK,0.45497972
YRU8JIK1,0.15812805
YRV14SQN,0.2848293
YS43WGZ0,0.6878603
YSFSKF2U,0.28508562
YSGWVL81,0.81622124
YSO2VAZQ,0.34654242
YSOE16CH,0.82366174
YSQGFPE1,0.20029984
YT0KL7XE,0.37510607
YT9SFO8O,0.09438292
YTCGXTUG,0.24169558
YTCP4V4B,0.3100135
YTDH36UJ,0.6039468
YTHLFKNG,0.0989353
YTJKT2Q0,0.20000899
YTSVO8AK,0.3993268
YTXNFFVU,0.26452124
YU67TTDK,0.4877079
YUQQVIET,0.71020114
YV6FF9HQ,0.16260956
YVYM7KLR,0.29304844
YWC090MO,0.72709686
YWDZERQY,0.6040254
YWRMCMYB,0.46934772
YX3LXL6T,0.40202132
YX71HQGR,0.75904924
YXECX1UW,0.23232344
YXJVEOXG,0.36599824
YY3W8JCU,0.08945723
YYMJCAEQ,0.6608231
YYRMLXC4,0.6004222
YYSWZLLO,0.28639114
YYT02VGX,0.5281302
YZP06UG5,0.19668925
Z0I088QT,-0.36035776
Z0J31OD1,0.73682517
Z0KUPCD1,0.25663152
Z0NCMZHK,0.43854553
Z1PUVCN8,0.39478534
Z1SRTXN4,0.35457775
Z23HPZZU,0.3629884
Z330SS6S,0.36416805
Z39W5QTA,0.68038195
Z3CWNQRJ,0.18859619
Z3GRW3ZJ,0.5416886
Z3SFO2GM,0.21138905
Z3T70DN6,0.39255944
Z3X99L9F,0.59398663
Z48QWTD0,0.08945723
Z4EBYAM0,0.6710463
Z4KGK9ER,0.22585411
Z4XI19OX,0.111961044
Z5341KDB,0.17977244
Z53GV775,-0.3286242
Z5DOCDW4,0.6532933
Z5GLEI43,0.095837906
Z5MF1G1V,0.23232344
Z5N7LW1S,0.87769824
Z5OY2346,0.39544705
Z5XHMTYR,0.23837537
Z60Q88RG,0.33845806
Z6U39NM6,0.19089442
Z6XY6X0D,0.30424753
Z821ZV03,0.71982515
Z8E8OMWV,0.7957669
Z8F7ASLB,0.24474871
Z8HH7VLY,0.45785108
Z8RNTPS0,0.43900523
Z8YR460S,0.53623563
Z90URY9W,0.18488878
Z9H8TSWG,0.54139835
Z9WOBQM7,0.73144776
ZA7FM40E,0.12038927
ZAH64ZOG,0.57372993
ZAJPUMHW,0.6237501
ZB51HOG6,0.20282048
ZBIWNR3B,0.4607509
ZBZZOM6U,0.19345592
ZCF438K3,0.28372666
ZCTVO51D,0.7945029
ZCW4M6TI,0.34654242
ZD87XV04,0.10459016
ZDMY2OPD,0.6219608
ZE4GIZZI,-0.11977965
ZE8PGATV,0.7250173
ZEJM56CQ,0.8264247
ZF70QEAI,0.6313291
ZFEO58UU,0.23589662
ZFN9CZSG,0.1438685
ZFUPIFY0,0.5496925
ZGGOBM0W,0.17531663
ZGHNJ350,0.86451256
ZGS8ZQC5,0.11884591
ZGVL3KJD,1.0
ZGZEJGWU,0.26973835
ZHFGS2XV,0.4680058
ZHOIBOJ0,0.66224754
ZHOUAN19,0.7840795
ZHRGV03L,-0.21752082
ZI0EAOII,-0.89905643
ZI6REMXL,0.7840795
ZIDKV32C,0.28059497
ZIKSRB23,-0.07216071
ZIKVHAXO,0.021588331
ZJ06MP18,0.15233053
ZJAP18G4,0.47489867
ZJE3CFGZ,0.6638685
ZK9MCD56,0.32343885
ZKDNG5TG,0.6478016
ZKHDPHIV,0.6770566
ZKJD2ERJ,0.64352185
ZKUDO71N,0.78571117
ZLE9KFM5,0.46649244
ZLLUOFW2,0.6837869
ZLOJYV4X,0.53509635
ZLZ1TQ7G,0.35778737
ZM1Z2ZL3,0.41975307
ZMOPS88C,0.16830078
ZMPWBDZN,0.37439305
ZMTT15KL,0.7945029
ZMXNGTDH,0.8533358
ZN7XEYBZ,0.82664466
ZNBS3F9F,0.095837906
ZNNGAJNV,0.31314877
ZNVI9Q77,0.38117924
ZNY8NL34,0.6099627
ZO6MICR8,0.52690214
ZOCPHSYY,0.45167413
ZOIV3TR3,0.5030088
ZON9LDDJ,0.25874522
ZOT77I93,0.57932675
ZOYSEQRB,0.59314626
ZP8I9XNP,0.09092314
ZPDDNNI0,0.4021778
ZPPSSD7K,0.17195912
ZPT1QL8N,0.50944597
ZPYN6PD6,0.06651149
ZQAI481R,0.08945723
ZR2QR3EU,0.7582658
ZR49YWLW,0.6831584
ZRBPL0VA,0.36599824
ZRE2G3AZ,0.82573295
ZRYA3DG3,0.1280938
ZSCMJ86A,0.69354296
ZSGWQQK6,0.5521797
ZTGSR1Z9,0.011809487
ZTHTRXGK,0.17411202
ZTOROJMZ,0.5716691
ZU42GNZV,0.09092314
ZUOGYCSR,0.4502669
ZUUPJ0XK,0.2974071
ZVAGEMVN,-0.19696076
ZVGK4NHI,0.1314311
ZVY4MGTY,0.14160913
ZW3B0QSF,0.81260145
ZWGKHI9X,0.25597805
ZWGWHZ2P,0.3616426
ZWMF7T28,0.054524716
ZWZ5UHH5,0.34888056
ZX1VY73N,0.78414327
ZXCHOUKL,0.4521582
ZXM0YHW2,0.36416805
ZXNEA9IR,0.28284803
ZXVVNC5O,0.9703656
ZYIANVI8,0.34654242
ZYITEHAH,0.30511343
ZZ3BMBTG,0.91620535
ZZIYCVNH,0.40718466
